day1,1,“evidence”,“Evidence shows that global warming is certainly occurring.”,“지구 온난화가 분명히 일어나고 있다는 것을 증거가 보여 준다.”
day1,2,“beneficial”,“Heavily processed foods such as frozen food lack beneficial bacteria.”,“냉동식품과 같은 많이 가공된 식품들은 유익한 세균이 부족하다.”
day1,3,“value”,“The company’s stock continues to drop in value.”,“그 회사의 주식은 가치가 계속 하락하고 있다.”
day1,4,“pandemic”,“Because of the global pandemic, work from home is becoming more common.”,“전 세계적인 대규모 유행병 때문에 재택 근무가 더 흔해지고 있다.”
day1,5,“public”,“The advertisement is designed to raise public awareness of the issues.”,“그 광고는 그 쟁점들에 대한 대중의 의식을 증진시키기 위해 계획된 것이다.”
day1,6,“ingredient”,“The main ingredient of the dish is the passion!”,“음식의 주재료는 열정이다!”
day1,7,“enhance”,“To be profitable, we have to further enhance our position in the EU.”,“이익을 내기 위해서, 우리는 EU에서의 입지를 더욱 높여야 한다.”
day1,8,“innocent”,“Their notions of friendly, innocent indigenous people will probably be confirmed.”,“친절하고 순수한 토착민에 대한 그들의 개념은 아마도 확고해질 것이다.”
day1,9,“statistic”,“When you see a statistic, remember that the sample is just as important as the statistic itself.”,“통계치를 볼 때, 표본이 그 통계치 자체만큼이나 중요하다는 것을 기억하라.”
day1,10,“donate”,“Buying goods at charity shops is a meaningful way to donate.”,“자선 상점에서 물건을 사는 것은 기부하는 의미 있는 한 방법이다.”
day1,11,“struggle”,“Water and air are the very things that some people desperately struggle to have.”,“물과 공기는 어떤 사람들에게는 필사적으로 갖기 위해 애쓰는 바로 그것이다.”
day1,12,“rapid”,“At a time of rapid and profound change, we must strengthen our resolve.”,“빠르고 심오한 변화의 시대에, 우리는 결의를 다져야 한다.”
day1,13,“trigger”,“Certain forms of illness can be triggered by food allergies.”,“특정한 유형의 병은 음식 알레르기에 의해 유발될 수 있다.”
day1,14,“dabate”,“Rita sees a notice on the school bulletin board about a debate competition.”,“Rita는 학교 게시판에서 토론 대회에 관한 공고를 본다.”
day1,15,“constant”,“A fire provides a constant flickering change in visual information.”,“불은 시각 정보에 있어서 끊임없이 깜박거리는 변화를 제공한다.”
day1,16,“raw data”,“Graphs display data more efficiently than tables of raw data do.”,“도표들은 원자료의 표보다 자료를 더 효율적으로 보여 준다.”
day1,17,“grant”,“In Peru, the government grants water to communities separately from land.”,“페루에서는 정부가 토지와는 별도로 지역 사회에 물을 준다.”
day1,18,“capacity”,“They operated the factory 24/7 at maximum capacity.”,“그들은 그 공장을 완전 가동으로 24시간 7일 내내 작동시켰다.”
day1,19,“abrupt”,“There was an abrupt change in the weather.”,“날씨의 갑작스러운 변화가 있었다.”
day1,20,“landscape”,“The landscape looked fascinating as the bus headed to Alsace.”,“버스가 Alsace로 향하는 동안 경치는 굉장히 아름다워 보였다.”
day1,21,“instrument”,“We needed a new musical instrument for our performance.”,“공연을 위해 우리에게는 새로운 악기가 필요했다.”
day1,22,“authorize”,“The government announced they would not authorize festivals or any type of event in the residential areas.”,“정부는 거주 지역에서 축제나 어떤 형식의 행사도 승인하지 않을 것이라고 발표했다.”
day1,23,“desirable”,“Precious metals have been desirable as money across the millennia because they exist in fixed quantities.”,“귀금속은 고정된 양으로 존재하기 때문에 수천 년에 걸쳐 돈으로서 바람직했다.”
day1,24,“germ”,“People have come to see all germs as threats to good health.”,“사람들이 모든 세균을 좋은 건강에 대한 위협으로 보기에 이르렀다.”
day1,25,“density”,“The density of the air plays a determining factor in the loudness of sound waves passing through it.”,“공기의 밀도는 그것을 통과하는 음파의 크기를 결정하는 요소로 작용한다.”
day1,26,“Intangible”,“Intangible cultural heritages are cultural heritages that include oral traditions.”,“무형 문화유산은 구전을 포함하는 문화유산이다.”
day1,27,“monitor”,“Nurses monitor the patient’s heart rate.”,“간호사들은 환자의 심박동수를 추적 관찰한다.”
day1,28,“budget”,“My maximum budget is 100 dollars.”,“내 최대 예산은 100달러이다.”
day1,29,“mission”,“His mission in life was to work with young people.”,“그의 평생 사명은 젊은이들과 함께 일하는 것이었다.”
day1,30,“mixture”,“European-and Asian-style buildings stood side by side, and many buildings looked neither completely Western nor completely Eastern but a mixture of the two.”,“유럽 스타일과 아시아 스타일의 건물들이 나란히 있었는데, 많은 건물들이 완전히 서양적이지도 완전히 동양적이지도 않고 그 둘의 혼합으로 보였다.”
day1,31,“illegal”,“It is illegal to use a cellphone while driving.”,“운전 중에 휴대전화를 사용하는 것은 불법이다.”
day1,32,“disregard”,“The safety of our children is at risk largely due to the disregard for speed limits.”,“우리 아이들의 안전이 제한 속도 무시로 인해 크게 위협받고 있다.”
day1,33,“criterion”,“Our appetite is a good criterion of our health.”,“식욕은 건강 상태에 대한 좋은 판단 기준이다.”
day1,34,“pros and cons”,“Now, we must conclude today’s discussion about the pros and cons of a cashless society.”,“이제 우리는 현금 없는 사회의 장단점에 대한 오늘의 토론을 결론지어야 한다.”
day1,35,“majority”,“The majority of respondents report they derived benefits from their adversity.”,“대다수의 응답자가 자신이 겪은 역경에서 이익을 얻었다고 보고한다.”
day1,36,“forecast”,“What did the weather forecast say this morning?”,“오늘 아침에 일기 예보에서 뭐라고 했나요?”
day1,37,“luxury”,“It was a luxury if you had a refrigerator in those days.”,“그 당시에 냉장고를 가지고 있었다면 그것은 사치였다.”
day1,38,“median”,“The median is the number that is exactly in the middle of all the other figures.”,“중앙값은 모든 다른 수치들의 정확히 중간에 있는 숫자이다.”
day1,39,“patience”,“Wisdom and patience can result from the gradual accumulation of life experiences.”,“지혜와 인내는 삶의 경험이 조금씩 축적되는 것에서 나올 수 있다.”
day1,40,“reveal”,“The way to build a strong relationship would be to reveal the most private details about yourself.”,“확고한 관계를 형성하는 방법은 여러분에 관한 가장 사적인 세부 사항을 드러내는 것이다.”
day1,41,“evidence”,“There is still no scientific evidence to suggest that underwater births are dangerous.”,“수중 출산이 위험하다고 제시한 과학적 증거는 아직 없다.”
day1,42,“intangible”,“Her ability to inspire and lead players is an intangible that is difficult to quantify.”,“선수들에게 영감을 주고 이끄는 그녀의 능력은 계량화하기가 어려운 무형의 것이다.”
day1,43,“raw data”,“Big data specialists extract new, additional values from a large amount of unfiltered raw data.”,“빅 데이터 전문가들은 많은 양의 정제되지 않은 미가공 데이터로부터 새롭고, 추가적인 가치를 추출해낸다.”

day2,1,“Healthcare”,“Healthcare reform was the centerpiece of the last presidential campaign.”,“의료 개혁은 지난 대통령 선거 운동의 중요 항목이었다.”
day2,2,“hardwired”,“Some distinctions between good and bad are hardwired into our biology.”,“좋음과 나쁨 사이의 몇 가지 구별은 우리의 생명 활동 안에서 타고난다.”
day2,3,“self-esteem”,“Check your self-esteem first when you feel guilty.”,“죄책감을 느낄 때 여러분의 자존감을 먼저 점검하라.”
day2,4,“assume”,“It is not safe to assume that a stranger is a good neighbor just because they’re polite.”,“낯선 이가 공손하다는 이유만으로 그들이 좋은 이웃이라고 가정하는 것은 안전하지 않다.”
day2,5,“gene”,“The notion that food has a specific influence on gene expression is relatively new.”,“음식이 유전자 발현에 특정한 영향을 미친다는 생각은 비교적 새로운 것이다.”
day2,6,“Physical”,“Physical activity will be much more helpful than taking medicine.”,“신체 활동이 약물 복용보다 훨씬 더 도움이 될 것이다.”
day2,7,“conservation”,“Sometimes the benefits of conservation are immediate.”,“때때로 자연보호의 혜택은 즉각적이다.”
day2,8,“sympathize”,“All people sympathize with the victims.”,“모든 사람들이 피해자들에 대해 동정한다.”
day2,9,“metaphor”,“We use metaphor almost every time we write or speak.”,“우리는 글을 쓰거나 말을 하는 거의 모든 순간 은유를 사용한다.”
day2,10,“acute”,“Through evolution, our brains have developed to deal with acute dangers.”,“진화를 통해, 우리의 뇌는 심각한 위험에 대처하도록 발달해왔다.”
day2,11,“components”,“Magma exchanges chemical components with the surrounding rock, modifying both the composition of the magma and the surrounding rock.”,“마그마는 주변 암석과 화학적 성분을 교환하여, 마그마와 주변 암석의 구성을 변경한다.”
day2,12,“survive”,“We human beings need to find ways to survive.”,“우리 인간은 살아남을 방법을 찾아야 한다.”
day2,13,“cognitive”,“The confirmation bias is a type of cognitive bias.”,“확증 편향은 일종의 인지 편향이다.”
day2,14,“proportion”,“A considerable proportion of old people suffer poverty even in the major developed countries.”,“주요 선진국에서조차 상당한 비율의 노인들이 빈곤을 겪고 있다.”
day2,15,“consistent”,“With consistent effort, you can improve your grade.”,“일관된 노력으로, 여러분은 성적을 향상할 수 있다.”
day2,16,“branch”,“For moralists, political life is a branch of ethics philosophy.”,“도덕주의자들에게, 정치적 삶은 윤리 철학의 한 분야이다.”
day2,17,“promote”,“Our aim is to promote a wider and closer economic integration.”,“우리의 목적은 더 광범위하고 더 긴밀한 경제 통합을 촉진하는 것이다.”
day2,18,“priority”,“Your interests should be the priority in your job search.”,“구직에 있어서 여러분의 관심사가 우선 사항이어야 한다.”
day2,19,“neural”,“3-D art uses neural circuits in novel ways.”,“3-D 아트는 신경회로를 새로운 방식으로 사용한다.”
day2,20,“blossomed”,“The following spring, the burnt branches surprisingly blossomed into beautiful flowers.”,“다음 봄에, 불에 탄 가지가 놀랍게도 아름다운 꽃으로 피어났다.”
day2,21,“admiration”,“I have great admiration for my sister’s talent as a ballerina.”,“나는 발레리나로서 나의 누나의 재능을 대단히 존경한다.”
day2,22,“enthusiastic”,“The champion was given an enthusiastic welcome when he arrived home.”,“그 챔피언은 귀국했을 때 열렬한 환영을 받았다.”
day2,23,“span”,“A manager was responsible for large quantities in a relatively short span of time.”,“한 관리자가 비교적 짧은 시간에 많은 양을 책임졌다.”
day2,24,“unfold”,“Let our creativity unfold!”,“우리의 창의력을 펼쳐 봅시다!”
day2,25,“stereotype”,“Many of the stories in the book have to do with some kind of stereotype.”,“그 책에 있는 많은 이야기가 일종의 고정 관념과 관련이 있다.”
day2,26,“irrelevant”,“Many of us consider the financial difficulties after retirement irrelevant to our lives.”,“우리 중 다수는 은퇴 이후의 재정적 어려움을 우리 삶과 무관하다고 여긴다.”
day2,27,“institutions”,“Some governments and educational institutions started to use the term ‘sustainability’ in a serious manner.”,“몇몇 정부와 교육기관들이 ‘지속 가능성’이라는 용어를 진지하게 사용하기 시작했다.”
day2,28,“enforce”,“To be effective, both parents must enforce limits.”,“효과적이려면, 부모 모두가 제한을 시행해야 한다.”
day2,29,“biodiversity”,“Numerous biodiversity experiments have been conducted since Elton’s time.”,“수많은 생물 다양성 실험이 Elton의 시대 이후로 수행되어 왔다.”
day2,30,“disbelief”,“Regina could only stare at her transformed self in disbelief.”,“Regina는 자신의 변한 모습을 믿을 수 없다는 듯 그저 바라볼 수 있을 뿐이었다.”
day2,31,“heritage”,“The heritage of the past is the seed that brings forth the harvest of the future.”,“과거의 유산은 미래의 결실을 가져오는 씨앗이다.”
day2,32,“costume”,“The extended costume of animals is the result of their genes.”,“동물들의 확장된 의상은 그들의 유전자의 결과물이다.”
day2,33,“Empire”,“Genghis Khan united the numerous small tribes of Northeast Asia under the Mongol Empire.”,“칭기즈 칸은 동북아시아의 수많은 작은 부족들을 몽골 제국 아래로 통합시켰다.”
day2,34,“Crops”,“Crops must be cultivated without most of the chemicals that farmers use now.”,“농작물은 오늘날 농부들이 사용하는 대부분의 화학 비료를 사용하지 않고 재배되어야 한다.”
day2,35,“pollen”,“A contaminated bee transports the pesticide to the colony, or in pollen or nectar.”,“오염된 벌은 군락에, 또는 꽃가루나 꿀에 농약을 옮긴다.”
day2,36,“net profits”,“When deciding whether to invest in a company, we may take into account its net profits.”,“어떤 회사에 투자할지 여부를 결정할 때, 우리는 그 회사의 순익을 고려할지도 모른다.”
day2,37,“Modern”,“Modern weapons have a particularly high destructive force.”,“현대 무기는 특히 높은 파괴력을 지니고 있다.”
day2,38,“collaboration”,“Space exploration is a collaboration between countries to cover its high cost.”,“우주 탐사는 그것의 높은 비용을 충당하기 위한 국가들 간의 협력이다.”
day2,39,“attentive”,“Simply follow these ways and keep yourself attentive and sharp all day.”,“단순히 이런 방식을 그저 따라서 여러분 스스로 하루 종일 주의를 기울이고 예리함을 유지하도록 하세요.”
day2,40,“Conditions”,“Conditions in the refugee camps were terrible.”,“난민 캠프의 상황은 끔찍했다”
day2,41,“Physical”,“Physical fitness was a top priority of the national health policy”,“신체 건강은 국민 보건 정책의 최우선 사항이었다.”
day2,42,“conservation”,“Nature conservation is more than about maintaining biodiversity and rainforests.” , “자연 보존은 생물의 다양성과 열대우림을 유지하는 것 이상이다.” 
day2,43,“blossomed”,“Colorful tulips recently blossomed in the Keukenhof Gardens in the Netherlands.”,“다양한 색의 튤립이 최근 네덜란드의 Keukenhof 정원에 피었다.”

day3,1,“entitled”,“I will be entitled to my pension when I reach 60.”,“나는 60세가 되면 연금을 받을 자격이 주어질 것이다.”
day3,2,“souvenir”,“Whatever brings back memories could be called a ‘souvenir’.”,“기억을 떠올리게 하는 것은 무엇이든지 ‘기념품’이라고 불릴 수 있다.”
day3,3,“coverage”,“Some people are denied health insurance coverage because of their family’s genetic history.”,“몇몇 사람들은 가족 유전력 때문에 의료 보험의 보호를 거부 당한다.”
day3,4,“scientific”,“Conservation science is the study of the care and protection of cultural works through scientific methods.”,“보존 과학은 과학적 방법으로 문화재를 보살피고 보호하는 학문이다.”
day3,5,“monopoly”,“The original idea of a patent was not to reward inventors with monopoly profits.”,“특허권의 원래 개념은 발명가에게 독점 이익을 보상하는 것이 아니었다.”
day3,6,“legend”,“According to the legend, Cyprus is known as the birthplace of Aphrodite!”,“전설에 따르면, Cyprus는 아프로디테의 탄생지로 알려져 있다!”
day3,7,“disposition”,“Attitude is your psychological disposition, a proactive way to approach life.”,“태도는 여러분의 심리적 기질로, 삶에 접근하는 주도적인 방식이다.”
day3,8,“traditional”,“Their music blends modern and traditional styles.”,“그들의 음악은 현대적인 스타일과 전통적인 스타일을 조합하고 있다.”
day3,9,“audience”,“The interaction between the audience and the actors in the play influences the actors’ performance.”,“연극에서 관객과 배우들 사이의 상호 작용은 배우들의 연기에 영향을 준다.”
day3,10,“confidence”,“My students always had plenty of confidence.”,“나의 학생들은 항상 자신만만했다.”
day3,11,“decade”,“Many countries suffered nationwide famines at least once every decade.”,“많은 나라들이 적어도 10년에 한 번은 전국적인 기근을 겪었다.”
day3,12,“advance”,“With the advance of science, there has been a tendency to slip into scientism.”,“과학의 진보와 함께 과학지상주의로 빠져드는 경향이 있었다.”
day3,13,“fossil”,“The fossil was found in the 1960s by a Canadian geologist.”,“그 화석은 1960년대에 캐나다인 지질학자에 의해 발견되었다.”
day3,14,“department”,“In high school, she joined the drama department.”,“고등학교 시절, 그녀는 연극부에 가입했다.”
day3,15,“maximum”,“My maximum file upload size is being set to 8 MB.”,“나의 파일 업로드 최대 크기는 8메가바이트로 설정되어 있다.”
day3,16,“impair”,“Describing an image seen earlier can impair recognition afterwards.”,“이전에 보여졌던 이미지를 묘사하는 것이 이후의 인식을 손상시킬 수 있다.”
day3,17,“sudden”,“A sudden heavy rain can damage trees.”,“갑작스러운 폭우가 나무를 훼손할 수 있다.”
day3,18,“implement”,“Efforts to implement a credit card payment system at the mall have been met with resistance.”,“신용 카드 결제 시스템을 시행하려는 그 쇼핑몰의 노력은 저항에 부딪쳤다.”
day3,19,“chemical”,“The chemical symbol for copper is Cu.”,“구리의 화학 기호는 Cu이다.”
day3,20,“old-fashioned”,“LEDs use less energy and last longer than old-fashioned lights.”,“LED는 구식 조명보다 더 적은 에너지를 사용하고 더 오래 지속된다.”
day3,21,“entrepreneur”,“The entrepreneur ended up going bankrupt.”,“그 사업가는 결국 파산했다.”
day3,22,“ultimate”,“Peace settlement was the ultimate goal of the meeting.”,“평화 합의가 그 모임의 궁극적인 목표였다.”
day3,23,“banned”,“Product placement should be banned from all media.”,“간접 광고는 모든 매체에서 금지되어야 한다.”
day3,24,“plunged”,“She lost her balance and plunged to the ground.”,“그녀는 몸의 균형을 잃고 땅으로 거꾸러졌다.”
day3,25,“extraordinary”,“There was something extraordinary in him.”,“그에게는 뭔가 비범한 데가 있었다.”
day3,26,“mastery”,“The benefits of earlier mastery are often overestimated.”,“조기에 숙달하는 것의 이점은 자주 과대평가된다.”
day3,27,“collapsed”,“In 2010, in Guatemala City, an area approximately 20 meters wide and 30 meters deep collapsed.”,“2010년 과테말라시에서, 대략 폭 20미터에 깊이 30미터인 지역이 붕괴했다.”
day3,28,“tax”,“India decided to phase out all 500- and 1,000-rupee bills in the hope of reducing tax evasion.”,“인도는 탈세를 줄이려는 희망에서 모든 500루피와 1,000루피 지폐를 단계적으로 폐지하기로 결정했다.”
day3,29,“reliable”,“There was little reliable data about the company.”,“그 회사에 대한 믿을 수 있는 자료가 거의 없었다.”
day3,30,“recommendation”,“The recommendation has since been adopted, with some modifications, almost everywhere.”,“그 권고는 그 후 일부 수정을 거쳐 거의 모든 곳에서 채택되었다.”
day3,31,“side effects”,“Everything has side effects, but not multitasking!”,“모든 것에는 부작용이 있지만, 다중 작업은 그렇지 않다!”
day3,32,“Morality”,“Morality often expresses itself as a duty to perform an action that advances the interests of another, to the harm of one’s own.”,“도덕성은 자신의 이익을 해치면서, 다른 사람의 이익을 증진하는 행위를 수행할 의무로 자주 표현된다.”
day3,33,“evaluate”,“They want to evaluate the situation objectively.”,“그들은 상황을 객관적으로 평가하고 싶어 한다.”
day3,34,“empathy”,“Tears became something that automatically set off empathy and compassion in another.”,“눈물은 타인의 공감과 동정을 자동적으로 유발하는 어떤 것이 되었다.”
day3,35,“magnificent”,“Namibia is known for magnificent desert and well-developed safari properties.”,“나미비아는 장대한 사막과 잘 개발된 사파리 시설로 유명하다.”
day3,36,“utilized”,“In the early days, dogs were utilized to deliver mail.”,“초기에는 개가 우편물 배달에 이용되었다.”
day3,37,“scenery”,“The beauty of the scenery was beyond description.”,“그 풍경의 아름다움은 형언할 수 없었다.”
day3,38,“moist”,“Artificial tears are a good way to keep the eye moist.”,“인공 눈물은 눈을 촉촉하게 유지하기 위한 좋은 방법이다.”
day3,39,“merchants”,“Both consumers and merchants expect to be able to use cloud services.”,“소비자와 상인 모두 클라우드 서비스를 이용할 수 있기를 기대한다.”
day3,40,“domesticated”,“In a region called the “Fertile Crescent,” the earliest known wheat was domesticated and grown in about 8500 BCE. ”,“‘비옥한 초승달’이라고 불리는 지역에서, 기원전 약 8,500년에 최초로 알려진 밀이 재배되고 길러졌다.”
day3,41,“monopoly”,“Cigarette production is still a state monopoly in some countries.”, “담배 생산은 몇몇 국가에서 여전히 국가가 독점한다.”
day3,42,“collapsed”,“Hundreds of buildings collapsed in the earthquake.”,“수백 개의 건물이 지진으로 무너져 내렸다.” 
day3,43,“impaired”,“ A knee injury may have impaired her chances of winning the tournament.” ,“무릎 부상이 그녀의 토너먼트 우승 가능성을 손상시켰을 수도 있다.”

day4,1,“contrasting”,“The snow was icy and white, contrasting with the brilliant blue sky.”,“눈은 차갑고 흰색이었는데, 밝게 빛나는 파란 하늘과 대조되었다.”
day4,2,“life expectancy”,“The Japanese are among the healthiest people on Earth and have the highest life expectancy.”,“일본인들은 지구상에서 가장 건강한 사람들에 속하고 가장 높은 평균 수명을 가진다.”
day4,3,“relieved”,“He was greatly relieved that his father had been safely rescued.”,“그는 아버지가 무사히 구조되었다는 것에 크게 안도했다.”
day4,4,“implied”,“The article implied that the driver was responsible for the accident.”,“그 기사는 운전자에게 그 사고의 책임이 있다는 것을 암시했다.”
day4,5,“funds”,“The FAST Walk Day raises funds for research to find a cure for Angelman syndrome.”,“FAST Walk Day는 Angelman 증후군의 치료약을 찾기 위한 연구 기금을 모금한다.”
day4,6,“portion”,“A large portion of our natural resources is used for construction.”,“우리의 천연자원의 상당 부분이 건축을 위해 사용된다.”
day4,7,“analyze”,“Please, analyze the situation from a different angle.”,“다른 각도에서 상황을 분석해 보세요.”
day4,8,“eventual”,“Both sides were happy with the eventual outcome of the talks.”,“양쪽 모두가 회담의 최종적인 결과에 기뻐했다.”
day4,9,“recent”,“This approach to economic success is relatively recent.”,“경제적 성공에 대한 이런 접근은 비교적 최근의 것이다.”
day4,10,“frame”,“This wooden frame is 30 dollars cheaper than the metal frame.”,“이 나무틀은 금속틀보다 30달러 더 저렴하다.”
day4,11,“probable”,“Data analysis has already been used to predict the probable success or failure of certain students.”,“자료 분석은 특정 학생들의 성공이나 실패 가능성을 예측하는 데 이미 사용되어 왔다.”
day4,12,“refer”,“He promised not to publicly refer to the matter again.”,“그는 그 문제를 다시는 공개적으로 언급하지 않기로 약속했다.”
day4,13,“hypothesis”,“The results of the experiment enabled us to reject the initial hypothesis.”,“그 실험의 결과로 우리는 처음의 가설을 일축할 수 있었다.”
day4,14,“insulating”,“We don’t have the fur of polar bears or the thick, insulating fat of sea mammals.”,“우리에게는 북극곰의 털가죽이나 해양 포유류의 두꺼운 단열용 지방이 없다.”
day4,15,“phenomenon”,“This phenomenon has caused abnormal climate changes in many parts of the earth.”,“이러한 현상은 지구의 많은 지역에서 이상 기후 변화를 일어나게 했다.”
day4,16,“conceal”,“Denial may conceal from people how deeply wounded they are by certain jokes.”,“부정은 사람들이 어떤 농담에 얼마나 깊은 상처를 입는지를 감출 수도 있다.”
day4,17,“Globalization”,“Globalization has brought very little real benefit to some developing countries.”,“세계화는 일부 개발도상국에 실제적인 이익을 거의 가져오지 않았다.”
day4,18,“commonplace”,“Such backbreaking labor is still commonplace in parts of the world.”,“그러한 대단히 힘든 노동은 세계 각지에서 아직도 아주 흔한 일이다.”
day4,19,“witnessing”,“We are witnessing a fundamental shift in the way people do business.”,“우리는 사람들이 사업을 하는 방식에 있어서의 근본적인 변화를 목격하고 있다.”
day4,20,“desperate”,“The client feels desperate and hopeless.”,“그 의뢰인은 자포자기하고 절망감을 느끼고 있다.”
day4,21,“assigned”,“Don’t forget to do the homework you’ve been assigned.”,“여러분에게 배정된 숙제를 하는 것을 잊지 마세요.”
day4,22,“frequency”,“The frequency and magnitude of the most extreme floods has increased dramatically in Europe.”,“가장 극단적인 홍수의 빈도와 규모가 유럽에서 극적으로 상승했다.”
day4,23,“widespread”,“Sinkholes are not widespread events like hurricanes or earthquakes.”,“싱크홀은 허리케인이나 지진과 같이 광범위한 사건은 아니다.”
day4,24,“specializes”,“He specializes in filming music videos.”,“그는 뮤직비디오 촬영을 전문으로 한다.”
day4,25,“companions”,“They became companions in misfortune.”,“그들은 불행을 겪으며 동지가 되었다.”
day4,26,“scarce”,“ Water is especially scarce on the International Space Station.”,“국제우주정거장에서는 물이 특히 부족하다.”
day4,27,“intuition”,“Understanding quantities in terms of estimating ratios is a universal human intuition.”,“비율을 어림잡는 측면에서 양을 이해하는 것은 인간의 보편적인 직관이다.”
day4,28,“minimize”,“Our singular goal is to minimize expenses and maximize efficiency.”,“우리의 유일한 목표는 비용을 최소화하고 효율을 최대화하는 것이다.”
day4,29,“curiosity”,“Children usually show curiosity about everything.”,“아이들은 보통 모든 것에 호기심을 보인다.”
day4,30,“offensive”,“The trash can is usually the origin of offensive smells.”,“쓰레기통은 대개 불쾌한 냄새의 근원이다.”
day4,31,“archaeologists”,“Some archaeologists discovered several ancient tombs.”,“몇몇 고고학자가 몇 개의 고대 무덤을 발견했다.”
day4,32,“archives”,“Sometimes researchers have to search archives of aerial photographs to get information.”,“때로 연구자들은 정보를 얻기 위해서 항공 사진의 기록 보관소를 뒤져야만 한다.”
day4,33,“costly”,“I can’t afford to buy a new laptop because it is too costly.”,“나는 새 노트북 컴퓨터를 살 여유가 없는데, 그것이 너무 비싸기 때문이다.”
day4,34,“divorce”,“His experience of divorce shattered his illusions about love.”,“그의 이혼 경험은 사랑에 대한 그의 환상을 산산조각 냈다.”
day4,35,“disclosure”,“In most cases, the amount of disclosure increases over time.”,“대부분의 경우에, 털어놓는 이야기의 양은 시간이 지나면서 증가한다.”
day4,36,“facilitate”,“Blockchains serve as a powerful new tool to facilitate economic activity.”,“블록체인은 경제 활동을 촉진하는 강력한 새로운 도구의 역할을 한다.”
day4,37,“caregiver”,“Please don’t do this experiment without asking your parents or caregiver.”,“부모님이나 돌보는 사람에게 요청하지 않고 이 실험을 하지 마세요.”
day4,38,“takeoff”,“The business enjoyed a fast takeoff.”,“그 업체는 빠른 도약을 누렸다.”
day4,39,“existence”,“There is no evidence for the existence of life after death.”,“사후 세계의 존재에 대한 증거는 없다.”
day4,40,“arrested”,“Police arrested several demonstrators, who were later released.”,“경찰이 시위자들을 여럿 체포했는데, 그들은 후에 석방되었다”
day4,41,“relieved”,“I’m relieved to hear that you’re feeling better.”, “당신의 기분이 나아진다는 말을 들으니 안심이 돼요.”
day4,42,“archives”,“The recordings are preserved in the museum’s sound archives.” ,“이 녹음들은 박물관의 음향 기록 보관소에 보존되어 있다.”
day4,43,“contrasts”,“While there are similarities in the two cultures, there are also great contrasts.”, “두 문화에 비슷한 점이 있는 반면, 대조적인 점도 크다.”

day5,1,“time-consuming”,“Making a home-cooked meal has been removed because we perceive them as time-consuming.”,“집에서 음식을 요리하는 것은 우리가 그것들을 시간이 걸리는 것으로 인식하기 때문에 없어져 왔다.”
day5,2,“simplified”,“The whole process has now been greatly simplified.”,“전체 공정이 이제는 크게 단순화되었다.”
day5,3,“defense”,“They fought in defense of their country.”,“그들은 자신의 나라를 지키기 위해 싸웠다.”
day5,4,“awareness”,“There was an almost complete absence of awareness of the issues involved.”,“관련 사안들에 대한 인식이 거의 전적으로 부재했다.”
day5,5,“significant”,“Two hours a week can make a significant difference in a pet’s life!”,“일주일에 두 시간은 반려동물의 삶에 중요한 차이를 만들 수 있다!”
day5,6,“convince”,“His arguments didn’t convince everyone, but changes were made.”,“그의 주장이 모두를 납득시키지는 못했지만, 변화는 만들어졌다.”
day5,7,“potential”,“There are many examples of the IoT’s potential value.”,“사물인터넷의 잠재적 가치에 대한 사례가 많이 있다.”
day5,8,“disposal”,“Talks were held on the safe disposal of nuclear waste.”,“핵폐기물의 안전한 처리에 대한 회담이 열렸다.”
day5,9,“realms”,“The realms of man and nature were indistinguishable.”,“인간과 자연의 영역은 구별할 수 없었다.”
day5,10,“static”,“Far from being static, the environment is constantly changing.”,“정적이기는커녕 환경은 끊임없이 변하고 있다.”
day5,11,“published”,“Mary published her autobiography, Wonderful Adventures of Mrs. Seacole in Many Lands.”,“Mary는 자신의 자서전 ‘Wonderful Adventures of Mrs. Seacole in Many Lands’를 출간하였다.”
day5,12,“identity”,“The Korean flag is an important part of our national identity.”,“태극기는 우리의 국가 정체성의 중요한 부분이다.”
day5,13,“straightforward”,“Using the computer program is fairly straightforward.”,“그 컴퓨터 프로그램을 사용하는 것은 매우 간단하다.”
day5,14,“appearances”,“Many of the buildings on Armenian Street have unusual appearances.”,“아르메니아 거리에 있는 많은 건물들은 특이한 외양을 가지고 있다.”
day5,15,“detect”,“Some fish can detect smells a million times better than humans can.”,“일부 물고기는 인간보다 100만 배 더 잘 냄새를 탐지할 수 있다.”
day5,16,“strategy”,“The use of high technology is core to our strategy.”,“첨단 기술 사용이 우리 전략의 핵심이다.”
day5,17,“independent”,“Korea became independent in 1945.”,“한국은 1945년에 독립되었다.”
day5,18,“resolution”,“In 2017, the European Parliament approved a resolution calling for the creation of laws on robotics.”,“2017년에 유럽 의회는 로봇공학에 관한 법률 제정을 요구하는 결의안을 승인했다.”
day5,19,“occasional”,“We never quite grow out of occasional attacks of helplessness.”,“우리는 가끔 닥치는 무기력증의 공격을 완전히 떨칠 수는 없다.”
day5,20,“embraced”,“In the midst of the chaos, an unbelievable peace embraced me.”,“혼돈 속에서, 믿을 수 없는 평화가 나를 감쌌다.”
day5,21,“aesthetic”,“The new furniture was more aesthetic rather than functional.”,“새 가구는 기능적이기보다 미적이었다.”
day5,22,“ethnic”,“The Nuer are one of the largest ethnic groups in South Sudan, primarily residing in the Nile River Valley.”,“Nuer 족은 주로 Nile River Valley에 거주하는 남수단의 가장 큰 민족 집단 중 하나이다.”
day5,23,“reinforce”,“People often give some statistics to support or reinforce their points.”,“사람들은 종종 자신의 의견을 뒷받침하거나 강화하기 위해 몇몇 통계 자료를 제시한다.”
day5,24,“Pioneers”,“Pioneers from New England gradually migrated to all parts of the United States.”,“뉴잉글랜드 출신의 개척자들은 점차 미국 전역으로 이주했다.”
day5,25,“lifelong”,“Enjoy a fun evening with your family and make special lifelong memories!”,“가족과 함께 즐거운 저녁을 즐기시고 특별한 일생의 추억을 만드세요!”
day5,26,“virtual”,“The country was slipping into a state of virtual civil war.”,“그 나라는 사실상의 내전 상태로 빠져 들고 있었다.”
day5,27,“digest”,“Fatty foods take long to digest.”,“기름진 음식은 소화하는 데 오래 걸린다.”
day5,28,“intrinsic”,“The intrinsic value of her gold ring is priceless.”,“그녀의 금반지의 본질적인 가치는 값을 매길 수 없다.”
day5,29,“vegetation”,“Once the vegetation has started to recover, insects will travel into the newly regenerated area.”,“일단 식물이 회복을 시작하면, 곤충들이 새롭게 재생성된 지역으로 이동하기 마련이다.”
day5,30,“impressions”,“Bad first impressions are hard to forget.”,“나쁜 첫인상은 잊기가 어렵다.”
day5,31,“Distorted”,“Distorted data have no impact on the evaluation.”,“왜곡된 자료는 평가에 아무런 영향을 미치지 않는다.”
day5,32,“manure”,“His business was selling manure to farmers.”,“그의 사업은 농부들에게 거름을 파는 일이었다.”
day5,33,“rational”,“I’m convinced that my decision not to eat meat is rational.”,“나는 고기를 먹지 않는 내 결정이 합리적이라고 확신한다.”
day5,34,“location”,“Her apartment is in a really good location.”,“그녀의 아파트는 정말 좋은 위치에 있다.”
day5,35,“Aggressive”,“Aggressive behavior by young students is a major problem needing proper intervention.”,“어린 학생들의 공격적인 행동은 적절한 간섭을 필요로 하는 중요한 문제이다.”
day5,36,“politician”,“As a politician, she knows how to manipulate public opinion.”,“정치인으로서, 그녀는 여론을 조종하는 법을 안다.”
day5,37,“goods”,“The deficit for U.S. goods trade last month was the highest ever recorded.”,“지난달 미국의 물품 무역 적자는 기록이 시작된 이래 최고치였다.”
day5,38,“minerals”,“Under stressful conditions, the body needs vitamins and minerals more than ever.”,“스트레스를 받는 조건 하에서 몸은 비타민과 미네랄이 그 어느 때보다 더 필요하다.”
day5,39,“insurance”,“The insurance policy covers sudden death or disablement.”,“그 보험 약관은 갑작스런 사망이나 장애를 보장한다.”
day5,40,“interpretations”,“People have different interpretations of the painting.”,“사람들은 그 그림에 대해 서로 다른 해석을 가지고 있다”
day5,41,“static”,“The number of people obtaining qualifications has remained static or decreased.”,“자격을 취득하는 사람의 수는 변화가 없거나 감소했다.”
day5,42,“awareness”,“The program improved the awareness and interest of software’s importance.”,“그 프로그램은 소프트웨어의 중요성에 대한 인식과 흥미를 높였다.”
day5,43,“independent”,“A consultant is an independent contractor and not an employee of th company.”,“컨설턴트는 독립적인 계약자이며 회사의 직원이 아니다.”



6, 201, “economy”, “economy”, “The sharing economy is an economic system based on sharing assets or services, for free or for a fee, directly from and between individuals.”, “공유 경제는 무료로 또는 비용을 내고, 개인으로부터 직접 그리고 개인들 간에 자산이나 서비스를 공유하는 것에 기초한 경제체제이다.”
6, 202, “integrate”, “integrate”, “The companies are planning to integrate management.”, “그 회사들은 경영을 통합할 계획 중이다.”
6, 203, “emission”, “emissions”, “Methane is responsible for about 16 percent of global greenhouse gas emissions.”, “메탄은 지구 온실가스 배출의 약 16퍼센트의 원인을 차지한다.”
6, 204, “regular”, “regular”, “I have a regular medical checkup.”, “나는 정기적인 건강검진을 받는다.”
6, 205, “bravery”, “bravery”, “Becoming a patriot needs bravery, conviction, and passion.”, “애국자가 되는 것은 용기, 신념, 그리고 열정이 필요하다.”
6, 206, “isolate”, “isolated”, “The village was isolated by the floods.”, “그 마을은 홍수로 인해 고립되었다.”
6, 207, “habitat”, “habitat”, “If we choose to protect these species, we must conserve their habitat.”, “우리가 이러한 종들을 보호하기로 결정한다면, 우리는 그들의 서식지를 보호해야 한다.”
6, 208, “minister”, “minister”, “The Russian foreign minister was present at the meeting.”, “러시아 외무부 장관이 그 회의에 참석했다.”
6, 209, “entity”, “entity”, “The mind exists as a separate entity.”, “정신은 분리된 실체로 존재한다.”
6, 210, “reluctant”, “reluctant”, “Regina was reluctant to have conversations with elderly people at first.”, “Regina는 처음에 노인들과 대화하는 것을 꺼렸다.”
6, 211, “prevent”, “prevent”, “Some moisture is needed in the air to prevent dehydration.”, “탈수를 막으려면 공기 중에 약간의 습기가 필요하다.”
6, 212, “trade-off”, “trade-off”, “There has to be a trade-off between quality and quantity if we want to keep prices low.”, “가격을 낮게 유지하고 싶으면 질과 양 사이의 균형이 있어야 한다.”
6, 213, “sedentary”, “sedentary”, “People with sedentary jobs need to eat less than those in active occupations.”, “앉아서 일하는 직업을 가진 사람들은 활동적인 직업의 사람들보다 더 적게 먹어야 한다.”
6, 214, “principle”, “principles”, “The Hunminjeongeum Haerye explains the ideas and principles behind the creation of Hangeul.”, “’훈민정음 해례본’은 한글 창제의 바탕이 되는 발상과 원리를 설명한다.”
6, 215, “appendix”, “appendix”, “The role of the appendix has been a mystery.”, “맹장의 역할은 수수께끼였다.”
6, 216, “organism”, “organisms”, “Most planktonic organisms are microscopic.”, “대부분의 플랑크톤 유기체는 극히 작다.”
6, 217, “mindless”, “mindless”, “The film was criticized by the critics for its mindless violence.”, “그 영화는 무분별한 폭력으로 평론가들의 비판을 받았다.”
6, 218, “responsibility”, “responsibility”, “It is now our responsibility to protect this UNESCO World Heritage Site.”, “이 UNESCO 세계 문화유산 지역을 보호하는 것은 현재 우리의 책임이다.”
6, 219, “sustain”, “sustained”, “Hope sustained us during those difficult times.”, “그 어려운 시기 동안 희망이 우리를 지탱하게 했다.”
6, 220, “direction”, “direction”, “It is the second train that is moving in the opposite direction.” ,“반대 방향으로 움직이고 있는 것은 바로 그 두 번째 기차이다.”
6, 221, “guilty”, “guilty”, “No one believed her guilty of this terrible crime.”, “아무도 이 끔찍한 범죄에 대해 그녀가 유죄라고 믿지 않았다.”
6, 222, “confront”, “confronting”, “By risking and confronting failures and learning from them, we can become wiser.”, “실패를 무릅쓰고 직면하여 그것으로부터 배움으로써 우리는 더 현명해질 수 있다.”
6, 223, “regional”, “regional”, “The new city project is aimed at balancing regional development.”, “새로운 도시 계획은 지역 발전의 균형을 잡는 것을 목표로 한다.”
6, 224, “breakthrough”, “breakthrough”, “Newton and Leibniz pioneered a breakthrough in mathematic calculations.”, “Newton과 Leibniz는 수학적 계산의 돌파구를 선도했다.”
6, 225, “intrigue”, “intrigued”, “Other people’s houses always intrigued him.”, “다른 사람들의 집은 언제나 그의 호기심을 자극했다.”
6, 226, “psychology”, “psychology”, “Behavioral scientists combine knowledge of sociology and psychology.”, “행동과학자들은 사회학과 심리학의 지식을 결합한다.”
6, 227, “sophisticated”, “sophisticated”, “Even with sophisticated artificial intelligence, the initial programming must be done by humans.”, “정교한 인공지능에서조차도, 초기의 프로그래밍은 인간에 의해 수행되어야 한다.”
6, 228, “glacier”, “glaciers”, “More than half of the earth’s glaciers are in Alaska.”, “절반이 넘는 지구 빙하가 알래스카에 있다.”
6, 229, “calculate”, “calculates”, “This instrument calculates distances precisely.”, “이 도구는 거리를 정확하게 계산한다.”
6, 230, “antibiotic”, “antibiotics”, “The miraculous power of antibiotics has caused some doctors to use them too much.”, “항생제의 기적 같은 힘은 일부 의사들이 그것을 너무 많이 사용하게 만들어 왔다.”
6, 231, “crucial”, “crucial”, “This aid money is crucial to the government’s economic policies.”, “이 원조금은 정부의 경제 정책에 대단히 중요하다.”
6, 232, “peak”, “peak”, “Medellin’s crime rate has fallen by more than 80 percent from its peak.”, “Medellin의 범죄율은 절정에 달했을 때에 비해 80퍼센트 넘게 줄었다.”
6, 233, “categorize”, “categorized”, “Participants were categorized according to school age.”, “참가자들은 학령별로 분류되었다.”
6, 234, “religion”, “religion”, “There has always been a conflict between science and religion.”, “과학과 종교 사이에는 항상 갈등이 있어 왔다.”
6, 235, “runoff”, “runoff”, “The fertilizer runoff ends up in fish and other marine life for kilometers around.”, “비료 유출수는 결국 수 킬로미터 주변의 물고기와 다른 해양 생물로 스며들게 된다.”
6, 236, “industrial”, “Industrial”, “Industrial production has risen by 1.5% since September.”, “9월 이래 산업 생산량이 1.5퍼센트 상승했다.”
6, 237, “radiation”, “radiation”, “Patients are exposed to high doses of radiation during cancer treatment.”, “환자들은 암 치료 중에 많은 양의 방사선에 노출된다.”
6, 238, “manufacture”, “manufacture”, “The date of manufacture of the TV has been authenticated.”, “그 TV의 제조일자가 인증되었다.”
6, 239, “expenditure”, “expenditure”, “There have been cuts in local expenditure on education.”, “교육에 대한 지방 지출이 삭감되었다.”
6, 240, “academic”, “academic”, “Over the next decade, big data will be replacing traditional academic guidance methods.”, “향후 10년 동안 빅데이터가 전통적인 학업 지도 방식을 대체하게 될 것이다.”
6, 279, “expenditure”, “expenditures”, “In 1930, federal expenditures accounted for only 3% of GNP.”, “1930년에 연방 정부의 지출은 GNP의 단 3%만을 차지했다.”
6, 243, “emission”, “emissions”, “Our country agreed to cut emissions of nitrogen oxide from power stations.”, “우리나라는 발전소에서 나오는 질소산화물의 배출을 줄이기로 합의했다.”
6, 250, “reluctant”, “reluctant”, “Becoming a kind donor is a simple process, but many people remain reluctant.”, “친절한 기부자가 되는 것은 간단한 과정이지만, 많은 사람들은 여전히 꺼려한다.”

7, 241, “purify”, “purify”, “One day, Peter finds out that some plants help purify the air.”, “어느 날, Peter는 일부 식물이 공기 정화를 돕는다는 것을 알게 된다.”
7, 242, “planet”, “planet”, “Mercury is the smallest planet of the eight in our solar system.”, “수성은 우리 태양계의 8개의 행성 중 가장 작은 행성이다.”
7, 243, “jury”, “juries”, “At that time, black people were not allowed to serve on juries.”, “그 당시, 흑인들은 배심원이 되는 것이 허용되지 않았다.”
7, 244, “vendor”, “vendor”, “He was not a street vendor but a Brazilian backpacker.”, “그는 거리의 상인이 아니라 브라질 출신 배낭 여행객이었다.”
7, 245, “convenient”, “convenient”, “Plastics are very useful and convenient.”, “플라스틱은 매우 유용하고 편리하다.”
7, 246, “inactive”, “inactive”, “You get more and more inactive as you get older.”, “여러분은 나이를 먹어가면서 점점 더 무기력해진다.”
7, 247, “associate”, “associate”, “I always associate the smell of spices with Christmas.”, “나는 향신료 냄새를 맡으면 항상 크리스마스가 연상된다.”
7, 248, “impart”, “impart”, “There is a massive amount of information to impart.”, “전해야 할 엄청난 양의 정보가 있다.”
7, 249, “reality”, “reality”, “The mix of fantasy and reality in his paintings inspired later artists.”, “그의 그림 속의 상상과 현실의 결합은 훗날 예술가들에게 영감을 주었다.”
7, 250, “primary”, “primary”, “The primary purpose of dramas is to deliver a story.”, “드라마의 주된 목적은 이야기를 전달하는 것이다.”
7, 251, “capture”, “capture”, “All you need to do is capture the color of any object.”, “여러분이 해야 할 일은 사물의 색깔을 담아내는 것뿐입니다.”
7, 252, “resident”, “resident”, “If you have a local resident card, you can get a 10% discount off the total.”, “현지 주민 카드가 있으면, 총액에서 10% 할인을 받을 수 있습니다.”
7, 253, “rare”, “rare”, “Even among the prize-winning roses, this one is a rare beauty.”, “상을 받은 장미 중에서도, 이 장미는 보기 드물게 아름답다.”
7, 254, “conflict”, “conflict”, “They hid their feelings to avoid conflict.”, “그들은 갈등을 피하기 위해 자신의 감정을 숨겼다.”
7, 255, “reference point”, “reference point”, “The boundary between good and bad is a reference point that changes over time.”, “좋음과 나쁨의 경계는 시간이 지나면서 변하는 기준점이다.”
7, 256, “achievement”, “achievements”, “We try to celebrate the achievements of our students.”, “우리는 학생들의 성취를 축하하고자 한다.”
7, 257, “motivate”, “motivate”, “Perhaps you have made a similar assertion to motivate someone to try harder.”, “아마도 여러분은 누군가가 더 열심히 노력하도록 자극하려고 비슷한 주장을 했을 것이다.”
7, 258, “stability”, “stability”, “These actions may threaten the overall stability of the system.”, “이런 행위는 그 체계의 전체적인 안정을 위협할 수도 있다.”
7, 259, “equivalent”, “equivalent”, “The figure was equivalent to approximately 200 people a day.”, “그 수치는 대략 하루에 200명에 맞먹었다.”
7, 260, “immune”, “immune”, “The body has an effective system of natural defense against parasites, called the immune system.”, “신체는 면역 체계라 불리는, 병균에 대항하는 효율적인 자연 방어 체계를 가지고 있다.”
7, 261, “manipulate”, “manipulate”, “He uses his authority to manipulate people.”, “그는 자신의 권위를 이용하여 사람들을 조종한다.”
7, 262, “well-being”, “well-being”, “Art helps us improve our mental health and overall well-being.”, “예술은 우리의 정신 건강과 전반적인 행복을 증진하는 것을 돕는다.”
7, 263, “ecological”, “ecological”, “Cities are often blamed as a major cause of ecological destruction.”, “도시는 생태계 파괴의 주된 원인으로 자주 비난받는다.”
7, 264, “register”, “register”, “If you want to be a seller, you must register on our website by October 20.”, “판매자가 되고 싶다면, 여러분은 우리의 웹사이트에 10월 20일까지 등록해야 합니다.”
7, 265, “foundation”, “foundation”, “Habits create the foundation for mastery.”, “습관은 숙달의 토대를 만들어 낸다.”
7, 266, “restriction”, “restrictions”, “American women began to challenge both the visible and the invisible restrictions put upon them.”, “미국 여성들은 그들에게 놓여진 눈에 보이는 그리고 보이지 않는 제약에 도전하기 시작했다.”
7, 267, “accelerate”, “accelerated”, “Skin aging is accelerated in space.”, “우주에서는 피부 노화가 가속화된다.”
7, 268, “repetition”, “Repetition”, “Repetition makes us more confident in our forecasts and more efficient in our actions.”, “반복은 우리를 예측에 있어서 더 자신 있게 그리고 행동에 있어서 더 효율적이게 만든다.”
7, 269, “controversial”, “controversial”, “Many of the world’s problems, such as child labor, seem complicated and controversial.”, “미성년 노동과 같은 세계의 많은 문제들은 복잡하고 논란이 많아 보인다.”
7, 270, “arithmetic”, “arithmetic”, “The previous three R’s ? reading, writing, and arithmetic ? are still valuable for general skills.”, “종전의 3R인 독서, 작문, 그리고 산수는 일반 능력에 여전히 매우 유용하다.”
7, 271, “coexist”, “coexist”, “Can the two neighboring countries coexist after the war?”, “이웃하는 그 양국이 전쟁 후에도 공존할 수 있을까?”
7, 272, “hierarchy”, “hierarchy”, “Some Koreans still believe their age defines their hierarchy status.”, “일부 한국인들은 여전히 나이가 자신들의 계층 상태를 정한다고 생각한다.”
7, 273, “spatial”, “spatial”, “Young school-age children confuse temporal and spatial dimensions.”, “취학 연령의 어린 아동들은 시간적 차원과 공간적 차원을 혼동한다.”
7, 274, “genome”, “genome”, “It took 13 years to complete the first full genome sequence of one person.”, “최초로 한 사람의 전체 유전체 배열을 완성하는 데 13년이 걸렸다.”
7, 275, “pension”, “pension”, “If you are self-employed, you should think about taking out a private pension.”, “자영업을 하고 있다면, 개인 연금 가입에 대해 생각해 봐야 한다.”
7, 276, “orient”, “oriented”, “Our students are oriented towards humanities subjects.”, “우리 학생들은 인문학 과목들을 지향하고 있다.”
7, 277, “classification”, “classification”, “The classification of wines is usually done according to their regions.”, “포도주의 분류는 보통 그것의 지역에 따라 행해진다.”
7, 278, “solitary”, “solitary”, “A solitary swallow winged its way across the field.”, “제비 한 마리가 혼자서 들판을 가로질러 날아갔다.”
7, 279, “accommodation”, “Accommodation”, “Accommodation is cheaper if you pre-book it online.”, “온라인에서 숙박 시설을 사전 예약하면 더 싸다.”
7, 280, “adore”, “adored”, “She had always adored him and looked up to him.”, “그녀는 항상 그를 흠모하고 존경했었다.”
7, 281, “purify”, “purify”, “One of the functions of the kidneys is to purify the blood.”, “신장의 기능 중 하나는 피를 정화하는 것이다.”
7, 293, “rare”, “rare”, “The national museum is full of rare and precious treasures.”, “국립박물관은 희귀하고 귀중한 보물들로 가득 차 있다.”
7, 312, “hierarchy”, “hierarchy”, “He worked his way up through the corporate hierarchy to become president.”, “그는 사장이 되기 위해 기업의 위계를 뚫고 올라갔다.”

8, 281, “citizen”, “citizens”, “In particularly populous cities like New York and Seoul, common space for citizens is never enough.”, “뉴욕이나 서울처럼 특히 사람이 많은 도시들에서 시민들을 위한 공통 공간이 결코 충분치 않다.”
8, 282, “sacrifice”, “sacrifice”, “She was willing to sacrifice anything for the people she loved.”, “그녀는 자신이 사랑하는 사람들을 위해 어떤 것이라도 기꺼이 희생할 각오가 되어 있었다.”
8, 283, “crave”, “crave”, “Young adults may claim they want privacy, but they also crave attention.”, “젊은이들은 자신들이 사생활을 원한다고 주장할 수도 있지만, 그들은 또한 관심도 갈망한다.”
8, 284, “retailer”, “Retailers”, “Retailers often boost sales with accompanying support such as assembly or installation services.”, “소매업자들은 흔히 조립이나 설치 서비스와 같은 동반 지원을 통해 판매를 촉진한다.”
8, 285, “behind the scenes”, “behind the scenes”, “Some of the American scientists became quite famous, yet behind the scenes there were a whole team of top secret operatives.”, “몇몇 미국 과학자들은 꽤 유명해졌지만, 그 막후에는 최고 비밀 정보원들이 있었다.”
8, 286, “starve”, “starved”, “By 1852, more than one million Irish people, about 20 percent of the population, had starved to death.”, “1852년까지 인구의 약 20퍼센트인 1백만 명 이상의 아일랜드 사람들이 굶어 죽었다.”
8, 287, “confirmation”, “confirmation”, “The brain begins to make more and more hypotheses and desperately searches for confirmation.”, “뇌는 점점 더 많은 가설을 세우기 시작하고 필사적으로 확인을 모색한다.”
8, 288, “thesis”, “thesis”, “The findings support the thesis that personality is determined by nature rather than choice.”, “그 결과들은 성격이 선택에 의해서가 아니라 선천적으로 결정된다는 논지를 뒷받침한다.”
8, 289, “admission”, “admission”, “She earned admission to the Berlin Academy of Arts and completed her master studies as one of the first women in the school.”, “그녀는 Berlin Academy of Arts에 입학 허가를 받았고 그 학교에서 최초의 여성 중 한 명으로 석사 과정을 마쳤다.”
8, 290, “precious”, “precious”, “It is said that water is a precious commodity that is often taken for granted.”, “물은 흔히 당연한 것으로 여겨지지만 귀중한 것이라고 말한다.”
8, 291, “content”, “content”, “It means that the seed’s hull has hardened ? and therefore the sugar content is at its height.”, “그것은 씨의 껍질이 딱딱해졌고 그래서 당분 함량이 최고치에 이르렀음을 의미한다.”
8, 292, “classical”, “classical”, “The group occupies the middle ground between classical ballet and modern dance.”, “그 단체는 고전 발레와 현대 무용의 중간 입장을 취하고 있다.”
8, 293, “split”, “split”, “The young lady split the money she won with her sister.”, “그 젊은 숙녀는 자신이 번 돈을 여동생과 나누었다.”
8, 294, “reproduction”, “reproduction”, “Migrants are free to choose the optimal habitat for survival during the nonbreeding season and for reproduction during the breeding season.”, “철새들은 비번식기 동안에는 생존을 위한 최적의 서식지를, 번식기 동안에는 번식을 위한 최적의 서식지를 자유롭게 선택한다.”
8, 295, “pursue”, “pursued”, “Many thinkers use Utopian thinking to suggest values to be pursued or protected.”, “많은 사상가는 추구되거나 보호되어야 할 가치를 제안하기 위해 유토피아적 사상을 사용한다.”
8, 296, “administration”, “administration”, “Another welcome measure taken by the new administration was to lift the “Global Gag Rule.””, “새로운 행정부가 취한 환영할 만한 다른 조치는 ‘국제 금지 규정’을 철폐하는 것이었다.”
8, 297, “invisible”, “invisible”, “There are also traditional braces made from innovative new materials that are nearly invisible.”, “거의 보이지 않는 혁신적인 신소재로 만들어지는 전통적인 치아 교정기도 있다.”
8, 298, “concentration”, “concentration”, “Sculpting with such tiny tools on the lead was hard work, and it took weeks and sometimes months or years of concentration.”, “연필심을 그렇게 작은 도구로 조각하는 것은 힘든 작업이었고, 그것은 몇 주 그리고 때로는 몇 달 혹은 몇 년의 집중이 필요했다.”
8, 299, “retire”, “retiring”, “Now a former champion, she was thinking of retiring from boxing.”, “이제 전 챔피언이 된 그녀는 권투에서 은퇴하는 것을 생각하고 있었다.”
8, 300, “adversity”, “adversity”, “Friendship makes prosperity more shining and lessens adversity by dividing and sharing it.”, “우정은 풍요를 더 빛나게 하고, 그것을 나누고 공유해 역경을 줄인다.”
8, 301, “remarkable”, “remarkable”, “In spite of the remarkable growth of the domestic industry, the amount of imported goods has been increasing.”, “국내 산업의 주목할 만한 성장에도 불구하고, 수입품의 양은 증가해 오고 있다.”
8, 302, “verbal”, “verbal”, “We learn by example and by direct experience because there are limits to the verbal instruction.”, “말로 가르치는 것에는 한계가 있기 때문에, 우리는 실례와 직접 경험을 통해 배운다.”
8, 303, “offspring”, “offspring”, “In the twelfth to thirteenth centuries there appeared the first manuals teaching “table manners” to the offspring of aristocrats.”, “12세기부터 13세기에 귀족의 자녀에게 ‘식탁 예절’을 가르치는 최초의 교범이 등장했다.”
8, 304, “ecosystem”, ecosystem”, “Salmon play a vital role in this area’s ecosystem as a wide range of animals, as well as humans, consume them.”, “연어는 인간뿐만 아니라 매우 다양한 동물들이 그것을 먹기 때문에 이 지역의 생태계에서 매우 중요한 역할을 한다.”
8, 305, “territory”, “territories”, “While it may seem like these birds are simply singing songs, many are in the middle of an intense competition for territories.”, “이런 새들이 그저 노래하고 있는 것처럼 보이지만, 많은 수가 영역을 위해 치열한 경쟁 중에 있다.”
8, 306, “spectacular”, “spectacular”, “The skies above Seoul were ablaze with a spectacular firework display.”, “서울 상공은 장관을 이루는 불꽃놀이로 활활 타올랐다.”
8, 307, “compassion”, “compassion”, “Empathy in the sense of adopting someone’s viewpoint is not the same as empathy in the sense of feeling compassion toward the person.”, “다른 사람의 관점을 취한다는 의미의 ‘공감’은 그 사람을 향한 연민을 느낀다는 의미의 ‘공감’과는 같지 않다.”
8, 308, “quote”, “quote”, “Let me, by way of illustration, quote from one of his poems.”, “예를 들기 위해 그의 시들 중 한 편을 인용해 보겠습니다.”
8, 309, “capability”, “capability”, “They are divided into three groups, depending on their experience and capability.”, “그들은 경험과 능력에 따라서 세 집단으로 나뉜다.”
8, 310, “unemployment”, unemployment”, “They face the grim prospect of still higher unemployment.”, “그들은 훨씬 더 높은 실업률이라는 암울한 전망에 직면해 있다.”
8, 311, “portray”, “portrayed”, “His paintings Shanty and Refugee Train portrayed the hard life of the common people during wartime.”, “그의 그림인 ‘판잣집’과 ‘피난 열차’는 전시의 민중들의 힘든 삶을 그렸다.”
8, 312, “metabolism”, “metabolism”, “Calorie restriction can also cause your metabolism to slow down, and significantly reduce energy levels.”, “열량 제한은 신진대사가 느려지게 할 수도 에너지 수준을 상당히 감소시킬 수도 있다.”
8, 313, “district”, “districts”, “From local government to private property owners, conservationists to real estate developers, disused city districts are highly fought over.”, “자치 정부부터 개인 부동산 소유주들까지, 보존주의자에서부터 부동산 개발업자까지, 효용을 다한 도시 구역들을 두고 심한 싸움이 일어난다.”
8, 314, “immerse”, “immerse”, “It was really hard for him to immerse himself in emotional scenes.”, “그가 감정적인 장면에 몰입하는 것은 정말 어려웠다.”
8, 315, “intact”, “intact”, “The ground coffee beans stayed intact but changed the water itself, making it fragrant and flavorful.”, “갈아진 커피콩은 온전한 상태로 있었지만 물 자체를 바꿨고 그것을 향기 나고 풍미 있게 만들었다.”
8, 316, “fallacy”, “Fallacies”, “Fallacies derive from reasoning that is logically incorrect, thus undermining an argument’s validity.”, “오류는 논리적으로 틀린 추론에서 기인하며, 따라서 주장의 타당성을 약화시킨다.”
8, 317, “apologize”, “apologize”, “She had to apologize for her beautiful, warm, and musical voice.”, “그녀는 자신의 아름답고, 따뜻하고, 듣기 좋은 목소리에 대해 사과해야만 했다.”
8, 318, “crescent”, “Crescent”, “This shift began around 9500 B.C. in a region known as the Fertile Crescent.”, “이러한 변화는 기원전 9500년 경 비옥한 초승달 지대라도 알려진 지역에서 시작되었다.”
8, 319, “concrete”, “concrete”, “When he was just 15 years old, Goddard realized the importance of setting concrete life goals.”, “그가 불과 15세였을 때, Goddard는 구체적인 삶의 목표를 세우는 것의 중요성을 깨달았다.”
8, 320, “flexibility”, “flexibility”, “Computers offer a greater degree of flexibility in the way work is organized.”, “컴퓨터는 작업이 운용되는 방식에 더 많은 유연성을 부여해 준다.”
8, 337, “invisible”, “invisible”, “I felt invisible in my family, and I wanted to be significant like my brothers.”, “나는 가족 안에서 보이지 않는 것처럼 느껴졌고, 내 형들처럼 중요해지고 싶었다.”
8, 342, “verbal”, “verbal”, “The boy has verbal dexterity and rhyming skills which very few rap artists have.”, “그 소년에게는 아주 소수의 랩 예술가에게 있는 말재주와 운을 맞추는 기술이 있다.”
8, 329, “admission”, “admission”, “Timothy was glad he received a letter of admission from his chosen university.”, “Timothy는 자신이 선택한 대학으로부터 입학 허가서를 받아서 기뻤다.”

9, 321, “decision”, “decisions”, “Generally, these numbers help us make better decisions in our daily lives.”, “일반적으로, 이러한 숫자들은 우리가 일상생활에서 더 나은 결정을 내리도록 도와준다.”
9, 322, “release”, “release”, “The dog is trained to search out the desired item on cue, so that the trainer can control or release the behavior.”, “조련사가 개의 행동을 통제하거나 풀어 줄 수 있도록, 그 개는 신호에 따라 바라는 품목을 찾아내도록 훈련된다.”
9, 323, “mobile”, “mobile”, “They shelled out $100,000 for a mobile recording studio.”, “그들은 이동 녹음실에 10만 달러를 쏟아부었다.”
9, 324, “assess”, “assessing”, “During the long-haul portion of a flight, pilots spend more time assessing aircraft status than searching out nearby planes.”, “비행에서 장거리 비행 부분 동안 조종사들은 근처의 비행기를 탐색하는 것보다 항공기 상태를 평가하는 데 더 많은 시간을 보낸다.”
9, 325, “solar”, “solar”, “Fortunately, rare metals are key ingredients in green technologies such as electric cars, wind turbines, and solar panels.”, “다행히, 희귀한 금속들이 전기 자동차, 풍력 발전용 터빈, 태양 전지판과 같은 친환경 기술의 핵심 재료이다.”
9, 326, “migration”, “migration”, “Digital technology accelerates dematerialization by hastening the migration from products to services.”, “디지털 기술은 제품에서 서비스로의 이동을 촉진함으로써 비물질화를 가속한다.”
9, 327, “accidental”, “accidental”, “I didn’t think the meeting was accidental ? she must have known I would be there.”, “나는 그 만남이 우연이 아니라고 생각했는데, 그녀는 내가 거기 있을 거라는 것을 알고 있었음에 틀림없다.”
9, 328, “distribution”, “distribution”, “You also need to find out the distribution of the values in order to get a more accurate idea of the real data.”, “당신은 또한 실제 자료에 대한 더 정확한 개념을 얻기 위해서 값의 분포를 알아낼 필요가 있다.”
9, 329, “camouflage”, “camouflage”, “During World War Ⅰ, camouflage was most commonly used on guns and vehicles to make them ‘disappear’ into their surroundings.”, “제1차 세계 대전 동안, 위장은 주변 환경 속으로 그것들이 ‘사라지게’ 만들기 위해서 총과 차량에 가장 흔하게 사용되었다.”
9, 330, “architecture”, “architecture”, “Over the past few decades, architecture as an idea and practice has increasingly limited its definition of itself.”, “지난 수십 년 동안, 구상과 실천으로서의 건축은 점차 자신에 대한 정의를 제한해 왔다.”
9, 331, “depict”, “depicting”, “She carefully painted each step of their life cycles, depicting even subtle changes.”, “그녀는 미묘한 변화들까지도 묘사하며 그것들의 생명 주기의 각 단계를 세심히 그렸다.”
9, 332, “reciprocity”, “reciprocity”, “Through socialization, we can learn the reciprocity norm.”, “사회화를 통해서 우리는 상호 의존 규범을 배울 수 있다.”
9, 333, “splendid”, “splendid”, “Gyeongcheonsa sipcheung seoktap is well-known for its elaborate decorations, splendid shape, and unique structure.”, “경천사 십층 석탑은 정교한 장식, 화려한 형태, 그리고 독특한 구조로 유명하다.”
9, 334, “variation”, “variation”, “Currency exchange rates are always subject to variation.”, “통화의 환율은 항상 변화를 받기 마련이다.”
9, 335, “investigate”, “investigate”, “Since the issue is critical for the company, please investigate the current situation right away.”, “그 문제는 회사에 매우 중요하므로, 현재 상황을 즉시 조사하십시오.”
9, 336, “predator”, “predator”, “As an animal senses what it considers to be a predator approaching within its ‘flight’ distance, it will quite simply run away.”, “동물은 자기가 포식자라고 여기는 것이 자신의 ‘도주’ 거리 내로 접근하는 것을 감지하면, 정말 그야말로 도망갈 것이다.”
9, 337, “consumption”, “Consumption”, “Consumption rather than saving has become the major feature of modern societies.”, “저축보다는 소비가 현대 사회의 주된 특징이 되었다.”
9, 338, “nurture”, “nurture”, “Developmental biologists now know that it is really both, or nature through nurture.”, “발달 생물학자들은 이제 그것이 진정 둘 다, 즉 양육을 ‘통한’ 천성이라는 것을 안다.”
9, 339, “urgent”, “urgent”, “The soldier apologized for the intrusion but said he had an urgent message.”, “그 병사는 마음대로 들어온 것을 사과하며 긴급한 전갈이 있다고 했다.”
9, 340, “custom”, “customs”, “custom”, “He chased his dream to become an artist while living as a customs officer and he created many dreamlike works that went beyond custom and tradition.”, “그는 세관 공무원으로 살아가면서 화가가 되려는 그의 꿈을 추구하였고, 관습과 전통을 뛰어넘는 많은 몽환적인 작품을 탄생시켰다.”
9, 341, “embed”, “embedded”, “We can’t deny that ageism is deeply embedded in our attitudes and social structures.”, “우리는 노인 차별이 우리의 태도와 사회 구조에 깊이 박혀 있음을 부인할 수 없다.”
9, 342, “nutrient”, “nutrients”, “But more recent research has shown that the leaves are simply so low in nutrients that koalas have almost no energy.”, “그러나 더 최근의 연구는 잎들이 단지 영양적인 측면에서 너무나 낮아서 코알라가 에너지를 거의 갖지 못한다는 사실을 보여 준다.”
9, 343, “conclusion”, “conclusions”, “If you don’t know, be careful not to leap to conclusions.”, “만약 당신이 모른다면, 성급히 결론을 내리지 않도록 주의하라.”
9, 344, “organic”, “organic”, “Almost all supermarkets in the city sell a range of organic products.”, “그 도시의 거의 모든 슈퍼마켓들이 다양한 유기농 제품을 판다.”
9, 345, “distinction”, “distinction”, “The president wanted to draw a sharp distinction between domestic and international politics.”, “대통령은 국내 정치와 국제 정치에 뚜렷한 차이를 두기를 원했다.”
9, 346, “routine”, “routine”, “I finally fall into bed, then wake up and rush through the same routine the next day.”, “나는 마침내 침대에 쓰러지고, 그 후 잠에서 깨어 다음 날 똑같은 일상을 급히 처리한다.”
9, 347, “reputation”, “reputation”, “By 1905, his reputation had grown sufficiently to exhibit The Hungry Lion Throws Itself on the Antelope.”, “1905년경, 그의 명성은 The Hungry Lion Throws Itself on the Antelope를 전시할 정도로 커졌다.”
9, 348, “crack”, “cracks”, “Now, when we build bridges, we use smart cement that has sensors that monitor the bridge for cracks or other stresses.”, “이제 다리를 건설할 때, 우리는 다리의 균열이나 다른 압력을 관찰하는 센서가 있는 스마트 시멘트를 사용한다.”
9, 349, “friction”, “friction”, “When the force of the rubber band stops acting, the force of friction slows the car to a stop.”, “고무 밴드의 힘이 작용을 멈추면 마찰력이 차의 속도를 늦춰 멈추게 한다.”
9, 350, “edible”, “edible”, “When you know that edible bugs can be found beneath certain types of rocks, it saves turning over all the rocks.”, “여러분이 먹을 수 있는 곤충이 특정한 종류의 바위 아래에서 발견될 수 있다는 것을 알 때, 그것은 ‘모든’ 바위를 뒤집어야 하는 일을 덜어준다.”
9, 351, “renovate”, “renovated”, “Since the bridge was first built, it has been reconstructed and renovated several times; the one that stands today was built in 1994.”, “그 다리는 처음 건축된 이래로 여러 번 재건되고 개조되었고, 오늘날 서 있는 다리는 1994년에 건축되었다.”
9, 352, “toxin”, “Toxins”, “Toxins often accumulate in the liver, veins, and lungs, causing serious health problems.”, “독소는 종종 간, 정맥, 그리고 폐에 축적되며 심각한 건강 문제를 일으킨다.”
9, 353, “tactic”, “tactics”, “Despite their small size, however, they employ a series of remarkable survival tactics.”, “그러나 그들의 작은 규모에도 불구하고, 그들은 일련의 놀라운 생존 전술을 이용한다.”
9, 354, “alternative”, “alternative”, “We have no chance of developing the alternative green technologies we need to slow climate change.”, “우리는 기후 변화를 늦추기 위해 우리가 필요로 하는 친환경 대체 기술을 개발할 가망이 없다.”
9, 355, “ambassador”, “Ambassador”, “Later in his life, he was appointed the U.S. Ambassador to the Republic of Seychelles.”, “생애 후반에, 그는 Seychelles 공화국의 미국 대사로 임명되었다.”
9, 356, “official”, “official”, “It is said that the government will dispatch troops, but no official announcement has been made yet.”, “정부가 파병을 보낼 것이라고들 하지만, 공식적인 발표는 아직 되지 않았다.”
9, 357, “photosynthesis”, “photosynthesis”, “There is no light down there, so photosynthesis is impossible.”, “그 아래에는 빛이 없어서 광합성이 불가능하다.”
9, 358, “boredom”, “boredom”, “For Greg, travel was an escape from the boredom of his everyday life.”, “Greg에게 여행은 자신의 일상생활의 지루함으로부터의 탈출이었다.”
9, 359, “deliberate”, “deliberate”, “His speech was a deliberate attempt to embarrass the government and the country.”, “그의 연설은 정부와 나라를 당혹스럽게 만들려는 계획적인 시도였다.”
9, 360, “temptation”, “temptation”, “In contrast, 6- and 8-year-olds used language to help overcome temptation, although in different ways.”, “그에 반해서, 6세와 8세 아이들은 방법은 서로 달랐지만 유혹을 이겨내는 데 도움을 얻기 위해 언어를 사용했다.”
9, 368, “distribution”, “distribution”, “The company has diverse distribution channels to supply its products.”, “그 회사는 제품을 공급하기 위한 다양한 유통 경로를 가지고 있다.”
9, 381, “embed”, “embedded”, “A microchip is embedded into the pet’s skin and is not easily detectable or removable.”, “마이크로칩은 애완동물의 피부에 심어져 있어서 쉽게 감지되거나 제거될 수 없다.”
9, 399, “deliberate”, “deliberate”, “Our consciousness is biased to think that its own intentions and deliberate choices rule our lives.”, “우리의 의식은 그 자체의 의도와 의도적인 선택이 우리의 삶을 지배한다고 생각하도록 기울어져 있다.”

10, 361, “tropical”, “tropical”, “Siete Pecados is home to a great variety of unusual tropical fish.”, “Siete Pecados는 매우 다양한 특이한 열대어의 서식지이다.”
10, 362, “preference”, “preference”, “This preference can be seen in all his buildings, including the Sagrada Familia.”, “이런 선호는 Sagrada Familia를 포함한 그의 모든 건물에서 볼 수 있다.”
10, 363, “crash”, “crashing”, “The only way to keep from crashing was to put extra space between our car and the car in front of us.”, “추돌하는 것을 막는 유일한 방법은 우리 차와 우리 앞에 있는 차 사이에 여분의 공간을 두는 것이었다.”
10, 364, “vitality”, “vitality”, “Our company consists of an elite team bursting with vitality and new ideas.”, “우리 회사는 활력과 새로운 아이디어로 넘쳐흐르는 엘리트 팀으로 구성되어 있다.”
10, 365, “random”, “random”, “People can also get the wrong idea from statistics when a sample is not random.”, “표본이 무작위가 아닐 때 또한 통계로부터 잘못된 개념을 얻을 수 있다.”
10, 366, “segregate”, “segregate”, “People who live in these places may still try to segregate based on skin color.”, “이들 지역에 사는 사람들은 여전히 피부색에 근거하여 차별 대우를 하려고 할지도 모른다.”
10, 367, “notion”, “notion”, “The notion that food has a specific influence on gene expression is relatively new.”, “음식이 유전자 발현에 특정한 영향을 미친다는 생각은 비교적 새로운 것이다.”
10, 368, “nuclear”, “nuclear”, “All nuclear installations in the world are subject to international safeguards.”, “세계의 모든 핵 시설은 국제 안전 규약의 지배를 받는다.”
10, 369, “proposal”, “proposal”, “If your process has an activity such as “submit proposal” or “make cold call,” then that’s just what your people will do.”, “만약 당신의 과정에 ‘제안 제출하기’나 ‘임의의 권유 전화 걸기’와 같은 활동이 있다면, 그것은 그저 당신의 아랫사람들이 할 일이다.”
10, 370, “voluntary”, “voluntary”, “This method of choosing a sample is called “voluntary response sampling.””, “표본을 고르는 이러한 방식은 ‘자발적 응답 표본 추출’이라고 불린다.”
10, 371, “eliminate”, “eliminated”, “Once racial and ethnic segregation is eliminated and people come together, they must learn to live, work, and play with each other.”, “일단 인종적, 민족적 차별이 제거되고 사람들이 화합하고 나면, 그들은 서로 함께 살고 일하고 노는 법을 배워야 한다.”
10, 372, “species”, “species”, “Warbler is an endangered species, so observers should carefully follow certain viewing ethics.”, “Warbler는 멸종 위기에 처한 종이므로, 관찰자들은 특정한 관찰 윤리를 신중히 따라야 한다.”
10, 373, “resource”, “resources”, “Cities are often blamed as a major cause of ecological destruction ? artificial, crowded places that suck up precious resources.”, “도시는 생태 파괴의 주요 원인, 즉 귀중한 자원을 빨아들이는 인공적이고 혼잡한 장소로 종종 비난받는다.”
10, 374, “critical”, “critical”, “Look at the statistics in detail with a critical eye, and then judge whether or not they are convincing.”, “비판적인 시각으로 통계 자료를 자세히 살펴보고, 그런 다음 그것이 설득력이 있는지 아닌지를 판단하라.”
10, 375, “biology”, “biology”, “Gerontology requires a multidisciplinary approach that includes biology, psychology, sociology, and more.”, “노인학은 생물학, 심리학, 사회학, 그리고 그 이상을 포함하는 여러 학문 분야에 걸친 접근법을 필요로 한다.”
10, 376, “oxygen”, “oxygen”, “A lack of oxygen may kill off brain cells or it may stop the brain from properly developing.”, “산소 부족은 뇌세포를 죽이거나 뇌가 정상적으로 발달하는 것을 막을 수도 있다.”
10, 377, “occupy”, “occupy”, “She started to share the room her husband used to occupy.”, “그녀는 남편이 쓰던 방을 같이 쓰기 시작했다.”
10, 378, “equality”, “equality”, “Among these things are political values such as justice, equality, liberty, or national self-determination.”, “이런 것들 중에는 정의, 평등, 자유, 또는 민족 자결권과 같은 정치적 가치가 있다.”
10, 379, “vulnerable”, “vulnerable”, “Some researchers insist that people who are most vulnerable to heat stress are also those most at risk of influenza.”, “몇몇 연구원들은 열 스트레스에 가장 취약한 사람들이 또한 독감 감염 위험이 가장 높은 사람들이라고 주장한다.”
10, 380, “decoration”, “decoration”, “The result is a wonderful decoration that I can look at every day.”, “그 결과 내가 매일 볼 수 있는 멋진 장식품이 되었다.”
10, 381, “theatrical”, “theatrical”, “After long absences, members of family and bond groups greet one another with incredibly theatrical displays.”, “오래 떨어져 지낸 후에는, 가족과 유대 집단의 구성원들은 믿을 수 없을 만큼 극적인 표현으로 서로에게 인사한다.”
10, 382, “livestock”, “livestock”, “To meet growing demand, livestock industries have turned to large-scale “manufacturing” of meat in huge “factories.””, “늘어 가는 수요를 충족시키기 위해 가축 산업은 거대한 ‘공장’에서 대규모의 육류 ‘생산’으로 바뀌었다.”
10, 383, “imitate”, “imitate”, “From the street these houses may look like the simple sea captains’ mansions they imitate.”, “거리에서 보면 이 주택들은 그것들이 모방하고 있는 단순한 선장의 저택처럼 보일 수도 있다.”
10, 384, “ignorance”, “ignorance”, “The result shows that poverty and ignorance are the enemies of progress.”, “그 결과는 가난과 무지가 발전의 적이라는 것을 보여 준다.”
10, 385, “mutual”, “mutual”, “If the norms support mutual respect, the contact has a greater chance of reducing prejudice than if they do not.”, “만약 그 규범들이 상호 존중을 지지한다면, 그 접촉은 만약 그것들이 그렇지 않은 것보다 편견을 줄일 더 큰 가능성을 가진다.”
10, 386, “facility”, “facilities”, “They are now a symbol of rebirth and have encouraged international corporations to open new facilities in the area.”, “그것들은 이제 재탄생의 상징이 되어 다국적 기업들이 그 지역에 새로운 시설들을 열도록 고무하고 있다.”
10, 387, “carbon credit”, “Carbon credits”, “Carbon credits for forest preservation would combine aid to poorer countries with one of the most cost-effective forms of abatement.”, “삼림 보존을 위한 탄소 배출권은 더 가난한 국가들에 대한 원조를 가장 비용 효과적인 감소 형태 중 하나와 결합시킬 것이다.”
10, 388, “convey”, “convey”, She has tried to convey something of the academic experience.”, “그녀는 학문 경험의 중요한 것을 전달하려고 노력해 왔다.”
10, 389, “boundary”, “boundary”, “The boundary between uniquely human creativity and machine capabilities continues to change.”, “인간 고유의 창의력과 기계의 능력 사이의 경계가 계속 변화하고 있다.”
10, 390, “molecule”, “molecule”, “Two atoms of hydrogen will always bond with one atom of oxygen to form a molecule of water given the appropriate conditions.”, “적정한 조건이 주어지면 수소 원자 두 개는 항상 산소 원자 한 개와 결합하여 하나의 물 분자를 형성한다.”
10, 391, “stumble”, “stumble”, “The computer also won’t stumble over things that are awkward ? it will just plow right on through.”, “컴퓨터는 또한 어색한 것들에 대해서 더듬거리지도 않을 것이며, 그저 애써서 끝까지 읽어 나갈 것이다.”
10, 392, “measles”, “measles”, “Boyhood, like measles, is one of those complaints which a man should catch young and have done with.”, “소년기는 홍역처럼 어릴 때 앓고 지나가야 하는 그런 병 중 하나이다.”
10, 393, “clinical”, “clinical”, “Rather, information is selectively included or ignored, and scientific and clinical implications of genetic discoveries are often inaccurate or overstated.”, “오히려 정보는 선택적으로 포함되거나 무시되며, 유전적 발견의 과학적, 임상적 함의는 자주 부정확하거나 과장된다.”
10, 394, “nourish”, “nourished”, “Creativity is not a matter of talent or a gift, but is a matter of perspective nourished by passion and hard work.”, “창의력은 소질이나 재능의 문제가 아니라 열정과 노력으로 길러진 관점의 문제이다.”
10, 395, “circuit”, “circuits”, “Although it is possible to use these neural circuits to perform straightforward digital computations, that is not efficient.”, “간단한 디지털 계산을 수행하기 위해 이런 신경 회로를 사용하는 것이 가능하지만, 그것은 효율적이지 않다.”
10, 396, “bankrupt”, “bankrupt”, “We are all definitely sure that the Lingers family will soon be bankrupt.”, “우리는 모두 Lingers 가(家)가 곧 파산할 것이라고 틀림없이 확신한다.”
10, 397, “retrospect”, “retrospect”, “In retrospect, it might seem surprising that something as mundane as the desire to count sheep was the driving force for an advance as fundamental as written language.”, “돌이켜 생각해 보면 양의 수를 세고자 하는 욕구만큼 세속적인 것이 문자 언어처럼 근본적인 진보의 원동력이었다는 것은 놀라운 일로 보일지도 모른다.”
10, 398, “disgust”, “disgusted”, “I gave this book four stars, but the ending really disgusted me.”, “나는 이 책에 네 개의 별을 주었지만 결말은 정말 역겨웠다.”
10, 399, “luggage”, “luggage”, “Having left our luggage at the hotel, my family and I walked around the city.”, “짐을 호텔에 맡기고 나와 가족은 그 도시를 돌아다녔다.” 
10, 400, “deforestation”, “Deforestation”, “Deforestation has reduced the habitat of the orangutans, which in turn has caused thousands of the animals to die.”, “삼림 벌채는 오랑우탄의 서식지를 감소시켰고, 그것은 결국 그 동물들 수천 마리를 죽음에 이르게 하는 원인이 되었다.”
10, 419, “vulnerable”, “vulnerable”, “The ice masses have been particularly vulnerable to the advance of global warming.”, “그 얼음 덩어리들은 진행되는 지구 온난화에 특히 취약하다.”
10, 429, “boundary”, “boundary”, “The rate of spread is proportional to the length of the boundary of the infected region.”, “확산의 속도는 감염된 지역의 경계 길이에 비례한다.”
10, 434, “nourish”, “nourished”, “Without treatment, it can be fatal, especially in children who are poorly nourished.”, “치료가 되지 않으면, 그것은 특히 영양 상태가 나쁜 아이들에게 치명적일 수 있다.”



11, "stimulate", "Travel stimulates creative thinking because we recognize that there are many more opportunities for solving problems than the ones we know.", "우리는 우리가 알고 있는 것보다 문제를 해결할 훨씬 더 많은 기회가 있다는 것을 인식하므로 여행은 창의적인 사고를 자극한다."
11, "ritual", "It also includes the living traditions of people such as oral storytelling, performing arts, rituals, and festivals.", "그것은 또한 구두 스토리텔링, 공연 예술, 의식, 축제 같은 사람들의 생활 전통을 포함한다."
11, "embassy", "A demonstration is expected in front of the embassy to protest current events in the United States.", "미국의 현재 문제들에 항의하기 위해 대사관 앞에서 시위가 예상된다."
11, "gradual", "He has seen a gradual change in the climate over the past 30 years.", "그는 지난 30년 동안 기후의 점진적인 변화를 보아 왔다."
11, "internalize", "When good behavior is rewarded with external motivation, your child will start to internalize it.", "좋은 행동이 외부 동기로 보상을 받으면, 여러분의 아이는 그것을 내면화하기 시작할 것이다."
11, "complicated", "The immune system is so complicated that it would take a whole book to explain it.", "면역 체계는 너무나 복잡해서 그것을 설명하려면 책 한 권이 있어야 할 것이다."
11, "maintenance", "Electricity in these countries is mainly used for heating and the maintenance of heating systems.", "이들 나라에서 전기는 주로 난방과 난방 시스템 유지를 위해 이용된다."
11, "operate", "Smart homes are houses equipped with devices that operate automatically or can be controlled remotely.", "스마트 홈은 자동으로 작동하거나 원격으로 제어할 수 있는 기기로 갖춰진 집이다."
11, "paradox", "It is a paradox that companies are more profitable when they focus more on purpose instead of profit.", "회사들이 이윤보다 목적에 초점을 맞출 때 더 수익을 낸다는 것은 역설적인 것이다."
11, "parental", "It might be difficult to see why expanding parental choice in education is a policy goal.", "부모의 교육 선택권을 확대하는 것이 정책 목표인 이유를 이해하기 어려울 수도 있다."
11, "connection", "She was alleged to have connections with the secret police.", "그녀가 비밀 경찰과 관련이 있다는 혐의가 제기되었다."
11, "equip", "Over 1,100 lamps have been transformed into smart lamps equipped with LED lights.", "1,100개가 넘는 전등이 LED 전구를 갖춘 스마트 전등으로 바뀌었다."
11, "wildlife", "Public attitudes toward a wildlife species and its management are generated based on the interaction of those components.", "야생 동물 종과 그것의 관리에 대한 대중의 태도는 그러한 요소들의 상호 작용에 기초하여 생성된다."
11, "worthwhile", "It would be worthwhile to explore ways of producing artificial nitrogen fertilizer using solar energy.", "태양 에너지를 이용한 인공 질소 비료를 생산하는 방법을 탐구하는 것은 가치 있는 일일 것이다."
11, "republic", "The Assembly of Kosovo has declared independence and full sovereignty of the Republic of Kosovo.", "코소보 의회는 코소보 공화국의 독립과 완전한 자주를 선언했다."
11, "regulation", "Because of the aviation regulation for student pilots, the camp is limited to participants over 16 years old.", "학생 조종사에 대한 항공 규제 때문에, 캠프는 만 16세 이상의 참가자로 제한된다."
11, "haul", "His trucks haul sand, gravel, and stone to commercial building sites.", "그의 트럭들은 산업 건설 현장으로 모래, 자갈, 그리고 돌을 운반한다."
11, "discipline", "He reacted by imposing tough discipline and demanding better results.", "그는 엄격한 규율을 적용하고 더 나은 결과를 요구하는 것으로 대응했다."
11, "moderate", "Such samples are biased in favor of strong opinions and underrepresent the moderate ones.", "그런 표본들은 강한 의견에 유리하게 편향되고 온건한 의견들은 실제보다 적게 표시한다."
11, "diabetes", "In fact, more than 285 million patients are suffering from diabetes in the world.", "사실, 전 세계에서 2억 8,500만 명 이상의 환자들이 당뇨병을 앓고 있다."
11, "flourish", "The Veggie creates a suitable artificial environment for plants to grow and flourish under conditions of weightlessness.", "Veggie는 무중력 상태에서 식물이 자라고 성장할 수 있는 적합한 인공 환경을 만든다."
11, "feasible", "It is not economically feasible to implement these strategies in an effective way.", "이 전략들을 효과적인 방법으로 실행하는 것은 경제적으로 가능하지 않다."
11, "evacuation", "The flight attendants worked to calm down the panicked passengers during the evacuation.", "대피하는 동안 비행기 승무원들이 공포에 질린 승객들을 진정시키기 위해 노력했다."
11, "duplicate", "As filmmakers, it’s not something you could duplicate even if you wanted to.", "영화 제작자라고 해도, 그것은 여러분이 원했다 하더라도 복제할 수 있는 것이 아니다."
11, "deterioration", "Ripening is followed sometimes by deterioration and decay and the product becomes worthless.", "숙성 이후에 때때로 질 저하와 부패가 뒤따라서 제품이 가치 없게 된다."
11, "deadly", "A supermarket sold five packages of puffer fish without removing parts which can contain a deadly poison.", "한 슈퍼마켓이 치명적인 독을 포함하고 있을 수 있는 부분을 제거하지 않은 채 다섯 팩의 복어를 판매했다."
11, "entail", "When facing a choice that entails risk, which guideline should we use?", "위험을 수반하는 선택에 직면할 때, 우리는 어느 지침을 이용해야 하는가?"
11, "complement", "They will complement measures already being taken to reduce nitrate pollution from other diffuse sources.", "그들은 기타 확산원으로 인한 질산염 오염을 줄이기 위해 이미 취해진 조치를 보완할 것이다."
11, "cause and effect", "It provides the opportunity to develop motor skills and demonstrates the principles of cause and effect.", "그것은 운동 능력을 발달시킬 기회를 제공하고 원인과 결과의 원칙을 설명하고 있다."
11, "comprehend", "We can probe difficult-to-reach places with its extended end, and comprehend what we are exploring.", "우리는 그것의 확장된 끝을 가지고 도달하기 어려운 곳을 탐색할 수 있고, 우리가 탐색하고 있는 것을 이해할 수 있다."
11, "acceptable", "For children to learn socially acceptable behavior, they need to see other people acting in a socially acceptable way.", "아이들이 사회적으로 용인되는 행동을 배우기 위해서는, 다른 사람들이 사회적으로 용인되는 방식으로 행동하는 것을 보아야 한다."
11, "surveillance", "They are prone to being co-opted by governments or corporations, transforming the technology into a powerful tool for surveillance and control.", "그것들은 정부나 기업들에 의해 감시와 통제의 강력한 도구로 변형되기 쉽다."
11, "boost", "To celebrate our company’s 10th anniversary and to boost further growth, we have arranged a small event.", "우리 회사의 10주년을 기념하고 추가적인 성장을 촉진시키기 위해 우리는 작은 행사를 마련했다."
11, "focal", "In rural areas, the school is often the focal point for the local community.", "시골 지역에서 학교는 흔히 지역 공동체의 초점이 된다."
11, "Antarctica", "The government has defined the position about the future of the mineral resources in Antarctica.", "정부는 남극 대륙의 광물자원의 미래에 관한 입장을 분명히 했다."

12, "distance", "We now keep each other at a respectful distance.", "우리는 지금 서로에게 무례가 되지 않을 정도로 거리를 두고 있다."
12, "financial", "There is evidence suggestive of a positive correlation between environmental performance and financial performance.", "환경 성과와 재정 성과 사이에 양의 상관관계가 있음을 암시하는 증거가 있다."
12, "demonstrate", "Study results demonstrate that men and women differ in policy preferences.", "연구 결과는 정책 선호도에 있어 남자와 여자가 다르다는 것을 입증한다."
12, "assistant", "The emissary had risen to his feet and gestured at his assistant, who stepped back.", "그 특사는 벌떡 일어나서 자신의 조수에게 손짓을 했고, 조수는 뒤로 물러섰다."
12, "logical", "People need to know a high-level programming language, and programming needs someone with a logical mind.", "사람은 고차원 프로그래밍 언어를 알아야 하고, 프로그래밍은 논리적인 사고를 가진 사람이 필요하다."
12, "philosopher", "There is only one thing a philosopher can be relied upon to do, and that is to contradict other philosophers.", "철학자가 할 수 있다고 기대할 수 있는 단 한 가지는 다른 철학자들의 말을 반박하는 것이다."
12, "federal", "The new legislation was necessary in order to obtain federal funding for construction projects.", "건설 프로젝트를 위한 연방 정부의 자금을 얻기 위해 새로운 법률 제정이 필요했다."
12, "devote", "The bigger the flock of birds, the less time an individual bird devotes to vigilance.", "새들의 무리가 더 클수록 한 마리 새가 경계에 바치는 시간은 더 줄어든다."
12, "refuge", "Take a look at a bus that has been converted into a refuge for the homeless.", "노숙자들의 쉼터로 개조된 버스를 보라."
12, "ego", "The purposeful displacement of concern away from the ego nonetheless remains partly self-referential.", "의도적으로 관심을 자아에서 멀리 옮긴다 하더라도 부분적으로는 여전히 자기 참조적인 상태로 남아 있다."
12, "criminal", "This movie is a thriller about a New York cop hunting an escaped criminal.", "이 영화는 탈주범을 쫓는 뉴욕 경찰에 관한 스릴러이다."
12, "tug", "The villagers used tractors to tug the car out of the ditch.", "마을 사람들은 트랙터를 이용해 그 차를 도랑에서 끌어냈다."
12, "debit card", "The most secure way of paying your bills online is to provide your debit card number to your biller.", "온라인으로 대금을 지불하는 가장 안전한 방법은 청구서 발행자에게 직불카드 번호를 제공하는 것이다."
12, "mature", "In mature markets, breakthroughs that lead to a major change in competitive positions and to the growth of the market are rare.", "충분히 발달한 시장에서는 경쟁 구도에서 중요한 변화를 일으키고 시장 성장을 견인하는 획기적 발견이 드물다."
12, "dependence", "It was a political system operated by the emperor and the nobles based on mutual dependence.", "그것은 황제와 귀족들이 상호 의존에 근거해 운영한 정치 체제였다."
12, "authentic", "If the painting is authentic, we'd like to know more about it.", "그 그림이 진품이라면, 우리는 그것에 대해 더 알고 싶다."
12, "spoil", "Group work inevitably produces poor results ("Too many cooks spoil the broth").", "집단 작업은 불가피하게 좋지 않은 결과를 낳는다('요리사가 너무 많으면 수프가 망친다')."
12, "elaborate", "The species has evolved elaborate greeting behaviors.", "그 종은 정교한 인사 행동을 진화시켜 왔다."
12, "enzyme", "Enzyme-rich foods like papaya and pineapple are great additions to your diet.", "파파야와 파인애플처럼 효소가 풍부한 음식은 식단에 크게 도움이 된다."
12, "breeding", "The cere changes color during the breeding season, indicating whether a bird is ready to mate or may be less desirable as a partner.", "새의 부리 낭막은 번식기 동안 색이 변하여 짝짓기 준비 여부 또는 파트너로서의 매력도를 나타낸다."
12, "domain", "Organic foods are no longer the sole domain of healthy-eating fanatics.", "유기농 식품은 더 이상 건강식 광신자들의 전유물이 아니다."
12, "currency", "The end result was that gold could no longer be used as a unit of currency or exchange in America.", "최종 결과는 금이 미국에서 더 이상 통화나 교환 수단으로 사용될 수 없다는 것이었다."
12, "socialize", "We’re creating networks and influencing people to adopt a healthier way to socialize.", "우리는 네트워크를 구축하고 사람들이 더 건전한 방식으로 교제하도록 장려하고 있다."
12, "analogy", "Speculations about the meaning and purpose of prehistoric art rely heavily on analogies drawn with modern-day hunter-gatherer societies.", "선사시대 예술의 의미와 목적에 대한 추측은 현대 수렵채집 사회와의 유사점에 크게 의존한다."
12, "dominant", "Movies may be said to support the dominant culture and to serve as a means for its reproduction over time.", "영화는 지배 문화를 지지하고 시간이 흐르며 그것을 재생산하는 수단 역할을 한다고 할 수 있다."
12, "strain", "It will involve a lot of additional expenses and put a strain on our finances.", "그것은 많은 추가 비용을 수반하여 우리의 재정에 부담을 줄 것이다."
12, "distress", "It caused him considerable distress and anxiety and he was unable to cope with the fallout.", "그것은 그에게 상당한 고통과 불안을 안겨 주었고 그는 그 여파를 감당할 수 없었다."
12, "staple", "In Ireland, the potato became the staple food, with adults consuming an average of ten potatoes a day.", "아일랜드에서 감자가 주식이 되어 성인이 하루 평균 10개의 감자를 소비했다."
12, "normative", "Romans were not the first people to have a normative system.", "로마인들이 규범 체계를 가진 최초의 사람들은 아니다."
12, "evasion", "For the judge, this is equivalent to an evasion of his responsibilities as a magistrate.", "그 판사에게 이것은 자신의 판사로서의 책임을 회피한 것과 같다."
12, "coordinate", "The agile methodology helps us to be flexible and to coordinate the work of the team.", "애자일 방법론은 유연하게 팀 업무를 조정하도록 돕는다."
12, "discrimination", "Employees over the age of 40 are protected from age discrimination in the workplace.", "40세 이상의 직원들은 직장에서 나이 차별로부터 보호받는다."
12, "habitual", "Habitual caffeinated coffee consumption contributes to depression prevention.", "습관적으로 카페인이 함유된 커피를 섭취하는 것은 우울증 예방에 기여한다."
12, "fatigue", "A business owner noticed that many of her employees exhibited signs of fatigue throughout the workday.", "한 기업주는 직원들이 근무 시간 내내 피로 징후를 보인다는 것을 알아챘다."
12, "elusive", "Further movie roles have proved somewhat elusive for the young actor.", "추가 영화 배역은 그 젊은 배우에게 다소 파악하기 어려운 것으로 판명되었다."
12, "coincidence", "It's not a coincidence that none of them gives any relevant information on how you're performing.", "그들 중 아무도 당신의 수행 방식에 관한 관련 정보를 제공하지 않는 것은 우연이 아니다."
12, "captivate", "From the moment you arrive the grand and stunning architectural design will captivate you.", "도착하는 순간부터 웅장하고 눈부신 건축 디자인이 당신의 마음을 사로잡을 것이다."
12, "casual", "Showing his casual showmanship, the American sprinter looked calm at the start line.", "평소의 쇼맨십을 발휘한 미국 육상 선수는 스타트 라인에서 침착해 보였다."
12, "aviation", "Aviation safety is the condition that affected elements are protected from hazards arising in the operating environment.", "항공 안전은 운항 환경에서 발생하는 위험으로부터 관련 요소가 보호되는 상태이다."
12, "democratic", "In a democratic environment, old ideas can be challenged and rigorously criticized.", "민주적인 환경에서는 낡은 생각이 도전받고 엄격하게 비판될 수 있다."

13, "interaction", "Sharing assumes human interaction by its definition and appeals to the basic human needs for community.", "공유는 그 의미에 따른 인간의 상호 작용을 전제로 하며 기본적인 인간의 공동체적 욕구에 호소한다."
13, "eco-friendly", "They are known as eco-friendly technology and can help preserve the environment through energy efficiency.", "그것들은 환경친화적인 기술로 알려져 있고 에너지 효율을 통하여 환경을 보존하는 것을 도울 수 있다."
13, "parliament", "They might exercise powers that properly belonged to parliament.", "그들은 실은 의회에 속해 있는 권한을 행사할 수도 있다."
13, "private", "Flamenco is performed during religious festivals, rituals, and at private celebrations.", "플라멩코는 종교적 축제, 의식, 그리고 사적인 축하 모임에서 공연된다."
13, "charity", "Join the charity tournament event hosted by Cliffield Community Center!", "Cliffield 커뮤니티 센터가 주최하는 자선 토너먼트 행사에 참가하세요!"
13, "protein", "Now widely marketed as a native superfood, oatmeal acts as a good source of vegetable protein.", "국산 슈퍼푸드로 완벽하게 자리잡힌 귀리는 훌륭한 식물성 단백질의 역할을 한다."
13, "neutral", "The Norwegians tried to remain neutral, but their country was so important that both the Germans and the Allies made plans to invade the country.", "노르웨이인들은 중립을 유지하려고 했으나, 그들의 나라는 너무 중요해서 독일과 연합국은 그 나라를 침략할 계획을 세웠다."
13, "endanger", "The man was concerned that the dog would endanger wildlife in an area meant for birdwatching.", "그 남자는 그 개가 철새 관찰용으로 지정된 지역의 야생 동물을 위협할 것을 걱정했다."
13, "spacecraft", "Today’s rockets and spacecraft cannot hold enough fuel for such an extended journey.", "오늘날의 로켓과 우주선으로는 그렇게 긴 여행을 하기엔 충분한 양의 연료를 담을 수 없다."
13, "naive", "Are we so naive as to trust a mayor who was backed by the group in his mayoral campaign?", "사람들이 선거운동에서 그 단체의 지원을 받은 시장을 믿을 만큼 우리가 순진한가?"
13, "carve", "Craftsmen began to carve statues from a single block of wood, although bronze statues were still the most common.", "비록 청동상이 여전히 가장 흔했지만, 공예가들은 단 하나의 나무토막으로 상을 조각하기 시작했다."
13, "election", "He also played an important role in the election of Abraham Lincoln in 1864.", "또한 그는 1864년 Abraham Lincoln의 선거에서 중요한 역할을 했다."
13, "liberal", "All three countries have wanted more liberal trade relations with the rest of the world.", "3개국 모두 전 세계와 더 진보적인 무역 관계를 원했다."
13, "substance", "You probably know that water is one of the most important substances on our planet.", "여러분은 물이 지구상에서 가장 중요한 물질 중 하나라는 것을 아마 알고 있을 것이다."
13, "brutal", "In 2019, he filmed the brutal treatment of dolphins and sharks.", "2019년에 그는 돌고래와 상어에 대한 잔혹한 대우를 영화로 만들었다."
13, "ethics", "Students of ethics have been perplexed whether to classify their subject as a science, an art, or otherwise.", "윤리학 연구자들은 자신들의 과목을 과학으로, 예술로, 혹은 그 외 다른 것으로 분류할지 혼란스러워했다."
13, "strip", "The wood is stripped of the bark, and there is a drying period of several years before the material is considered suitable for use.", "그 나무는 껍질이 벗겨지고, 그 재료가 사용하기에 적합하다고 여겨지기 전에 수년간 건조하는 기간이 있다."
13, "landfill", "Burying solid waste in landfills was the most commonly used solid waste management technique.", "매립지에 고형 폐기물을 묻는 것은 가장 흔히 사용되는 고형 폐기물 처리 기법이었다."
13, "integral", "The transmission of knowledge is an integral activity in schools.", "지식의 전수가 학교의 필수적인 활동이다."
13, "duration", "Students will be housed in classrooms and hallways for the duration of the storm.", "학생들은 폭풍이 지속되는 동안 교실과 복도에 머물게 될 것이다."
13, "discard", "In turn, they may later be discarded as the demands of present societies change.", "결국, 그것들은 현재 사회의 요구가 변화함에 따라 나중에 버려질 수도 있다."
13, "narrative", "A storm would make an interesting narrative in that it has a clear spatial aspect.", "폭풍은 분명한 공간적 측면을 가지고 있어서 재미있는 이야기가 될 것이다."
13, "wearable", "These IoT wearable devices track and analyze your vital signs to help you reach your fitness goals or keep healthy.", "이 착용형 사물인터넷 기기들은 활력 징후를 추적하고 분석하여 당신이 건강 목표를 달성하거나 건강을 유지하도록 돕는다."
13, "parasite", "According to new research, testing for these infections could help improve efforts to eradicate the parasite.", "새로운 연구에 따르면, 이 감염병 실험이 기생충을 박멸하려는 노력을 개선하는 데 도움이 될 수 있다고 한다."
13, "terrify", "The boys are willing to venture into places that would terrify most people.", "그 소년들은 대부분의 사람을 무섭게 하는 장소로 기꺼이 모험하러 간다."
13, "fungus", "When spores from the fungus land on an ant searching for food in the forest, it infects the ant.", "곰팡이 포자가 숲속에서 먹이를 찾고 있는 개미에 닿으면, 그것은 개미를 감염시킨다."
13, "available", "At the event copies of Witch with Flowers will be available for purchase and can be signed.", "행사에서 꽃과 마녀 책을 구입할 수 있으며 사인본을 받을 수 있습니다."
13, "initiate", "It was a revolutionary wave initiated in protest to the rule of the government in the Arab world.", "그것은 아랍권에서 정부의 통치에 대한 저항에서 시작된 혁명의 물결이었다."
13, "discourse", "Following World War II, academic discourse on aging typically represented these as the causes of senility.", "제2차 세계 대전 후에 노화에 대한 학술적 담론은 이것들을 전적으로 노쇠의 원인으로 기술했다."
13, "constraint", "They are allowed to talk without constraint, to state what they know, and to ask any questions they please.", "그들은 제약 없이 말하고, 자신들이 알고 있는 것을 진술하며, 원하는 대로 질문을 할 수 있다."
13, "induce", "One in five teachers says nothing would induce them to work in a disadvantaged school.", "다섯 명의 교사 중 한 명은 아무것도 자신들을 불리한 조건에 있는 학교에서 근무하도록 유도하지 못할 것이라고 말한다."
13, "carbohydrate", "Protein, carbohydrates, and healthy fats can help your body maximize its ability to repair, rebuild, and grow stronger.", "단백질, 탄수화물, 그리고 건강에 좋은 지방은 여러분의 신체가 치유되고 회복되며 더 강해질 수 있는 능력을 최적화하는 데 도움이 될 수 있다."
13, "racism", "Using the power of football, we can help eradicate racism from our sport and the rest of society as well.", "축구의 힘을 이용하여, 우리는 스포츠와 사회 전반에서도 인종 차별주의를 뿌리 뽑을 수 있다."
13, "endeavor", "We always endeavor to preserve the full meaning of friendship forever.", "우리는 우정의 온전한 의미를 영원히 유지하기 위해 항상 노력한다."
13, "bribery", "Can you be charged with bribery if someone offers you a bribe but you don’t accept it?", "어떤 사람이 당신에게 뇌물을 제공하지만 당신이 그것을 받지 않으면 뇌물 수수로 기소될 수 있을까?"
13, "cite", "Taeho cites the results of recent research as supporting evidence for his idea.", "태호는 자신의 생각을 뒷받침하는 근거로 최근 조사 결과들을 인용한다."
13, "adolescent", "Adolescents differ from adults in the way they behave, solve problems, and make decisions.", "청소년들은 그들이 행동하고 문제를 해결하며 결정하는 방식에서 성인과 다르다."
13, "sovereign", "A sovereign state is neither dependent on nor subjected to any other power or state.", "주권 국가라는 어떤 다른 세력이나 국가에 의존하지도 종속되지도 않는다."
13, "stubborn", "Thinking of an internal cause for a person’s behavior is easy — the strict teacher is a stubborn person, the devoted parents just love their kids.", "한 사람의 행동에 대한 내적 원인을 생각해 내는 것은 쉽다: 엄격한 교사는 완고한 사람이며, 헌신적 부모는 단지 아이들을 사랑하는 것이다."
13, "contestant", "Submissions are limited to three images per contestant.", "제출물은 참가자당 세 개의 이미지로 제한됩니다."

14, "organization", "The always successful person or organization could suddenly encounter a disaster.", "항상 성공하는 사람이나 조직은 갑자기 재앙을 맞닥뜨리게 될 수도 있다."
14, "inevitable", "It seems that the global shift to a cash-free economy is inevitable.", "현금 없는 경제로 향하는 세계적인 변화는 불가피한 것으로 보인다."
14, "disguise", "He tried to disguise his voice on the phone but I could tell it was him.", "그는 전화에서 목소리를 가장하려 했지만 나는 그것이 그라는 것을 알 수 있었다."
14, "unmanned", "RoboOcean is an unmanned underwater drone.", "RoboOcean은 무인 해저 드론이다."
14, "minority", "I think only a tiny minority holds extreme views.", "내 생각에는 아주 작은 소수만이 극단적인 견해를 가지고 있는 것 같다."
14, "machinery", "An organization imported new machinery with the capacity to produce quality products at a lesser price.", "한 조직이 질 좋은 제품을 더 낮은 가격으로 생산하는 능력을 가진 새로운 기계를 수입했다."
14, "intense", "She spent about two years in Surinam, exploring the rainforests, confronted with intense heat.", "극심한 더위에 맞서며, 그녀는 수리남에서 열대우림을 탐험하면서 약 2년을 보냈다."
14, "ancestor", "These moving dolls were distant ancestors to today’s robots.", "이 움직이는 인형들은 오늘날 로봇들의 먼 조상이었다."
14, "devise", "He devised his own method for depicting rain by trailing strings of silver paint across the canvas.", "그는 은색 물감의 실을 캔버스에 끌어 비를 묘사하는 자신만의 방법을 고안했다."
14, "agent", "I rented a room for 20 million won in key money and paid the real estate agent a one-hundred-thousand-won commission.", "나는 보증금 2천만 원짜리 방을 구하고 부동산 중개인에게 수수료로 10만 원을 지불했다."
14, "enroll", "He traveled to Germany, where he enrolled at the University of Berlin and studied philosophy for three years.", "그는 독일로 여행을 갔고, 그곳에서 Berlin 대학에 등록하여 3년 동안 철학을 공부했다."
14, "arrangement", "Travel and accommodation arrangements have been finalized.", "여행과 숙박 준비가 마무리되었다."
14, "temporal", "Freedom in time (and limits on its temporal extent) is equally important and probably more fundamental.", "시간적 자유 (그리고 시간적 범위에 대한 제한)이 동등하게 중요하고 더 근본적인 것이다."
14, "extent", "She was shrinking the true extent of the problem.", "그녀는 그 문제의 진짜 규모를 축소하고 있었다."
14, "thrive", "Life has thrived on our planet for millions of years.", "생명은 수백만 년 동안 우리 지구에서 번창해왔다."
14, "famine", "Many countries suffered nationwide famines at least once every decade.", "많은 나라들이 적어도 10년에 한 번은 전국적인 기근을 겪었다."
14, "offend", "I did not mean to offend anybody with my joke.", "내 농담으로 누군가에게 불쾌하게 하려던 것은 아니었다."
14, "consensus", "There is a general consensus among residents about the need for greater security.", "보안을 더 강화할 필요에 관하여 주민 사이에서 전반적인 합의가 있다."
14, "lateral", "When knowledge of the first topic is helpful but not essential to learning the second one, lateral transfer is occurring.", "첫 번째 주제에 대한 지식이 두 번째 주제를 배우는 데 도움이 되지만 필수적인 것은 아닐 때, 횡적 전이가 일어난다."
14, "localized", "The localized version of the model met the consumers’ needs.", "그 모델의 현지화된 버전은 소비자들의 욕구를 충족시켰다."
14, "asset", "Intangible cultural heritage is a precious asset for communities, groups, and individuals across the world.", "무형 문화재는 전 세계적으로 지역 사회, 단체, 그리고 개인에게 소중한 자산이다."
14, "suspend", "Because we have not received the payment, we have suspended your membership privileges.", "저희가 아직 돈을 받지 않았기 때문에, 귀하의 회원 자격 특권을 중단하였습니다."
14, "primate", "Primates have an autobiographical self to a certain degree.", "영장류는 일정 수준의 자서전적 자아를 가지고 있다."
14, "empirical", "A vast academic literature provides empirical support for the thesis that it pays to be green.", "방대한 학술 문헌은 친환경적인 것이 이익이 된다는 논지에 대한 경험적인 증거를 제공한다."
14, "license", "We will issue a license after we thoroughly look into the companies’ ability to run a business.", "우리는 기업의 경영 능력을 철저히 조사한 뒤에 면허를 발급할 것이다."
14, "assault", "The army assaulted the building from all sides.", "그 군대는 그 건물을 사방에서 공격했다."
14, "justification", "I think utopian political thinking has led in the past to justifications of totalitarian violence.", "나는 유토피아적 정치사상은 지금까지 전체주의적 권력의 정당화로 이어졌다고 생각한다."
14, "breathtaking", "Seeing it in person was an absolutely breathtaking experience!", "그것을 직접 보는 것은 정말로 숨이 막히는 경험이었다!"
14, "diplomacy", "Take the diplomacy out of war and the thing would fall flat in a week. – Will Rogers", "전쟁에서 외교를 빼면 한 주 만에 모든 것이 무너질 것이다. – Will Rogers"
14, "revise", "The Constitutional Court ordered the government to revise the election laws by the end of this year.", "헌법재판소는 올해 말까지 정부에 선거법을 개정하도록 명령하였다."
14, "appoint", "In the United States, a number of large corporations appointed a vice president for sustainability.", "미국에서는 많은 대기업들이 지속 가능성을 위한 부사장을 임명했다."
14, "cathedral", "We then rode our bikes to the Duomo, Santa Maria del Fiore, one of the largest cathedrals in the world.", "그런 다음 우리는 자전거를 타고 세계에서 가장 큰 대성당 중 하나인 Duomo, 즉 Santa Maria del Fiore로 갔다."
14, "invoke", "We invoked principles of international law to claim ownership of the sunken ship.", "우리는 그 침몰선에 대한 소유권을 주장하기 위해 국제법 원칙을 적용했다."
14, "physiological", "The researchers are now studying the physiological effect of space travel.", "연구자들은 이제 우주여행의 생리학적 영향에 관해 연구하고 있다."
14, "anniversary", "That marked the 50th anniversary of her historic marathon in Boston.", "그것은 그녀의 보스턴에서의 역사적인 마라톤 50주년을 기념하는 것이었다."
14, "extraterrestrial", "He believes that we will find extraterrestrial life within the next three decades.", "그는 우리가 다음 30년 안에 외계 생명체를 발견할 것이라고 믿는다."
14, "diagnosis", "An accurate diagnosis was made after a series of tests.", "일련의 검사 후 정확한 진단이 내려졌다."
14, "imprint", "The fantastic scenes were imprinted on his mind.", "그 환상적인 광경은 그의 마음에 각인되었다."
14, "allocate", "If we eliminate this cost by adopting e‑payment systems, we can allocate the money we save toward other programs.", "우리가 전자 결제 시스템을 채택하여 이 비용을 없앤다면 절약한 돈을 다른 프로그램에 배당할 수 있다."
14, "notice", "Later he visited the restaurant where he once worked, but he noticed that no one paid much attention to him.", "나중에 그는 자신이 전에 일했던 식당을 방문했지만 아무도 자신에게 많은 관심을 기울이지 않는다는 것을 깨달았다."

15, "immigration", "Immigration in the 19th century brought pizza to the United States and Canada.", "19세기에 이민은 미국과 캐나다에 피자를 가져다주었다."
15, "circulate", "The average speed that money circulated increased by fourteen times, which consequently revived the economy of the town.", "돈이 순환하는 평균 속도는 14배 증가했으며, 그것은 결과적으로 그 마을의 경기를 회복시켰다."
15, "division", "The haenyeo maintain strict class divisions.", "해녀들은 엄격한 계급 분할을 유지한다."
15, "vertical", "Vertical farming with an electric light source is now widely used in many countries.", "전기 광원을 이용한 수직 농업은 많은 나라에서 현재 널리 사용되고 있다."
15, "privilege", "The privilege attached to being in the majority position is commonly viewed as deserved.", "다수의 지위에 속해 있는 데에 부여되는 특권은 흔히 당연한 것으로 여겨진다."
15, "accumulate", "The knowledge about how to build castells is accumulated over generations.", "어떻게 인간 탑을 쌓는지에 관한 지식은 여러 세대에 걸쳐 축적되었다."
15, "attendant", "It was a miracle created with the coordinated efforts of a highly trained pilot, flight attendants, ferry operators and rescue workers.", "그것은 고도의 훈련을 받은 조종사, 승무원, 선박 운항자, 그리고 구조대원의 조직화된 노력으로 만들어 낸 기적이었다."
15, "trustworthy", "Maintaining eye contact with the students enables them to feel you’re trustworthy.", "학생들과 눈을 계속 맞추는 것은 그들이 여러분을 신뢰할 수 있다고 느끼도록 해 준다."
15, "alert", "This security system alerts you and the police of a break-in.", "이 보안 시스템은 당신과 경찰에게 침입이 예고되었음을 알려 준다."
15, "regard", "The rituals are regarded as a form of prayer in the region.", "그 의식은 그 지역에서 기도의 형태로 여겨진다."
15, "mainstream", "Though their work is not considered mainstream, their ideas are bright and innovative.", "그들의 작품이 주류로 여겨지지는 않지만, 그들의 아이디어는 멋지고 혁신적이다."
15, "monotonous", "This and many other ancient stories show that people have long dreamed of inanimate creatures that can do their monotonous or difficult work.", "이 이야기와 여러 다른 오래된 이야기는 사람들이 오랫동안 단조롭거나 어려운 일을 대신해 줄 수 있는 무생물을 꿈꿔 왔다는 사실을 보여 준다."
15, "illusion", "The Italian artist, Guido Daniele, can create amazing illusions with his hand art.", "이탈리아 예술가 Guido Daniele는 그의 손 예술을 이용해 놀라운 환영을 만들어 낼 수 있다."
15, "celebrate", "Every year in Suwon, a magnificent cultural event takes place to celebrate King Jeongjo’s visit to Hwaseong Fortress as depicted in Banchado.", "매년 수원에서는 반차도에 묘사된 정조의 화성 행차를 기념하기 위한 웅장한 문화 행사가 열린다."
15, "border", "Sovereignty and citizenship require not only borders in space, but also borders in time.", "주권과 시민권에는 공간적 경계는 물론이고 시간적 경계까지 요구된다."
15, "finite", "The weather is a function of a finite number of variables.", "날씨는 한정된 변수의 함수이다."
15, "corruption", "He was arrested on charges of corruption and abuse of power.", "그는 부패와 권력 남용 혐의로 체포되었다."
15, "enclose", "Please return the bottom portion of this letter with your check in the enclosed envelope.", "이 편지의 아랫부분을 귀하의 수표와 함께 동봉된 봉투에 넣어 다시 보내 주십시오."
15, "righteous", "I think the prosecution was righteous and that the sentence the judge ultimately gave was fair.", "나는 기소가 옳았으며 판사가 결국 내린 판결이 공정했다고 생각한다."
15, "subsistence", "The economic status of the crop ensures that water rights can be bought from subsistence crops.", "그 작물의 경제적 지위는 자급용 작물로부터 수리권을 살 수 있도록 보장한다."
15, "negotiation", "We’ve reached a broad agreement, but the details are subject to negotiation.", "우리는 광범위한 합의에 도달했지만, 세부 사항은 협상 대상이다."
15, "cautious", "You should be very cautious when you enter a construction zone.", "공사 구역에 들어갈 때에는 매우 조심해야 한다."
15, "whip", "The cab driver whipped the horse and the cab disappeared round a corner.", "마부는 말에 채찍질을 했고 마차는 모퉁이를 돌아 사라졌다."
15, "behavior", "The mother apologized for her son’s disrespectful behavior.", "그 어머니는 자신의 아들의 실례되는 행동에 사과했다."
15, "departure", "In the competition, robots should return to the place of departure as fast as possible.", "그 대회에서 로봇들은 가능한 한 빨리 출발지로 돌아와야 한다."
15, "greenhouse gas", "Greenhouse gases include carbon dioxide, methane and nitrous oxides.", "온실가스는 이산화탄소, 메탄, 그리고 아산화질소를 포함한다."
15, "chronic", "The illness frequently coexists with other chronic diseases.", "그 질병은 자주 다른 만성 질환과 함께 존재한다."
15, "Celsius", "The thermometer shows the temperature in Celsius.", "그 온도계는 온도를 섭씨로 나타낸다."
15, "specify", "Can you specify exactly what you mean?", "의미하는 바를 정확히 명시해 줄 수 있나요?"
15, "approval", "Despite the government’s approval, civic groups claimed that the extension of the plant should be reconsidered.", "정부의 승인에도 불구하고, 시민 단체들은 이 발전소의 확장이 재고되어야 한다고 주장했다."

16, "typical", "A typical workday for me begins at 9 a.m.", "나에게 있어서 일반적인 근무일은 오전 9시에 시작된다."
16, "circumstance", "Under the difficult circumstance, he tried hard not to be discouraged.", "어려운 상황 속에서, 그는 낙심하지 않기 위해 노력했다."
16, "ethical", "In 2011, British scientists, engineers, and scholars suggested that designers, builders, and users of robots follow five ethical principles.", "2011년 영국의 과학자들, 공학자들, 학자들은 로봇의 설계자, 제작자, 이용자들이 다섯 가지 윤리적 원칙을 따라야 한다고 제안했다."
16, "contemporary", "Most contemporary art began as some sort of craft.", "대부분의 현대 예술은 일종의 공예로서 시작됐다."
16, "candidate", "We decided to narrow down the candidates.", "우리는 후보군을 좁히기로 했다."
16, "conventional", "The Eastgate Centre was constructed without a conventional cooling system.", "Eastgate Centre는 전통적인 냉방 시스템 없이 건설되었다."
16, "niche", "More diverse communities are believed to be more stable because they use a broader range of niches than species-poor communities.", "더 다양한 군집은 종이 빈약한 군집보다 더 광범위한 적소를 사용하기 때문에 더 안정적인 것으로 여겨진다."
16, "govern", "Whatever we do on earth is governed by the rules of nature.", "우리가 지구상에서 하는 모든 것은 자연의 법칙에 의해 지배받는다."
16, "impulse", "Our first impulse is to run away when in danger.", "위험에 처하면 우리의 첫 번째 충동은 달아나는 것이다."
16, "normal", "These perspectives on social manners, when repeated, may become a normal cultural practice.", "사회적 예절에 관한 이러한 관점은 그것이 반복될 때 일반적인 문화적 관습이 될 수 있다."
16, "despair", "Instead of despairing, he was inspired to cofound the End To Cyber Bullying organization.", "절망하는 대신 그는 End To Cyber Bullying 협회를 공동으로 창립하겠다는 영감을 받았다."
16, "modest", "His income was modest compared with that of other chief executives.", "그의 수입은 다른 최고 경영자들의 수입에 비해 많지 않았다."
16, "diminish", "It was the decision of the cereal maker to remind people that the world’s population of bees is fast diminishing.", "그것은 전 세계의 꿀벌 수가 급격히 감소하고 있다는 사실을 사람들에게 알리기 위해 시리얼 회사가 내린 결정이었다."
16, "refrigeration", "All foods are required to be kept under refrigeration.", "모든 식품은 냉장 보관될 필요가 있다."
16, "hands-on", "We have hands-on activities for children, such as making art pieces and exploring the forest.", "저희는 아이들을 위한 예술 작품 만들기, 숲 탐험 같은 직접 체험하는 활동이 있습니다."
16, "inquiry", "In much of scientific inquiry, there are no right or wrong answers.", "많은 과학 연구에서 옳거나 틀린 답은 없다."
16, "contaminate", "If bees avoid direct contact with pesticides, they can still be contaminated through pollen, the air, water or soil.", "벌이 농약과 직접 접촉하지 않더라도 꽃가루, 공기, 물 또는 흙을 통해 오염될 수 있다."
16, "function", "The family has the important function of socializing children.", "가족은 어린이를 사회화시키는 중요한 기능을 한다."
16, "monetary", "Monetary donations will be appreciated at the event.", "그 행사에서 금전 기부는 감사히 받겠습니다."
16, "sue", "The company Able Entertainment decided to sue the singer for canceling his concert.", "Able Entertainment 회사는 콘서트를 취소했다는 이유로 가수를 고소하기로 결정했다."
16, "peril", "I’m sorry but his company is facing financial peril.", "유감이지만 그의 회사는 자금난에 직면해 있다."
16, "compound", "The compounds in eucalyptus leaves make the koalas slow.", "유칼립투스 잎 속의 화합물은 코알라들을 느리게 만든다."
16, "multiply", "Multiply 4 by 10 and you get 40.", "4를 10으로 곱하면 40이 된다."
16, "adequate", "Photographers need to learn how to decide an adequate composition for their photos.", "사진가들은 사진의 적절한 구성을 결정하는 법을 배워야 한다."
16, "celebrity", "These edible pieces of art can resemble animals, nature scenes, and even celebrities and characters from popular culture.", "이러한 식용 예술 작품들은 동물, 자연 풍경, 그리고 대중문화의 유명 인사와 등장인물들까지 닮을 수 있다."
16, "erode", "Slowly and continually, the water erodes small parts of the rock, creating cracks underground.", "천천히 그리고 계속해서 물은 바위의 작은 부분을 침식하고 지하에서 갈라진 틈을 만든다."
16, "magnetic", "The metal becomes magnetic when the current is switched on.", "전류의 스위치를 켜면 그 금속이 자성을 띤다."
16, "plausible", "Consider whether other plausible options are being ignored or overlooked.", "타당해 보이는 다른 선택 사항들이 무시되거나 간과되고 있는지를 고려해 보라."
16, "disrupt", "The repairman is called in when the smooth operation of our world has been disrupted.", "우리 세상의 매끄러운 운영이 중단될 때(문제가 발생했을 때) 수리공을 부르게 된다."
16, "legislation", "The problem has led to calls for legislation to regulate advertising.", "그 문제가 광고를 규제하는 법률 제정에 대한 요구로 이어졌다."
16, "correspond", "We will check whether the written record corresponds to what was actually said.", "우리는 서면 기록이 실제 말했던 것과 일치하는지 확인할 것이다."
16, "informal", "Tourism can generate business opportunities in both the formal and informal sector.", "관광업은 공식적 분야와 비공식적 분야 둘 다에서 사업 기회를 창출할 수 있다."
16, "assert", "The lawyer asserted that his client is not guilty.", "변호사는 자신의 의뢰인에게는 죄가 없다고 주장했다."
16, "scheme", "The advantages of the scheme outweighed the disadvantages.", "그 계획은 단점보다 장점이 더 많았다."
16, "aspire", "What the sharing economy aspires to is a more sustainable way of utilizing limited resources.", "공유경제가 추구하는 바는 제한된 자원을 활용하는 더 지속 가능한 방법이다."
16, "conversion", "Hunting and the loss of forest habitat due to logging and conversion to farmland threaten its survival.", "사냥과 벌목, 농경지 전환으로 인한 삼림 서식지의 감소가 그것의 생존을 위협한다."
16, "kinship", "The two boys proved their kinship by showing their identification cards.", "두 소년은 신분증을 제시하며 친족임을 증명했다."
16, "botanical", "There was merely a tag on the plant showing some foreign or botanical name.", "식물에는 단지 어떤 외국명이든지 또는 식물학상의 이름인지 알려 주는 이름표가 있었다."
16, "compromise", "Neither party is willing to compromise on the issue.", "양쪽 정당 중 어느 쪽도 그 문제에 대해 굴복하라고 하지 않는다."
16, "deceit", "That’s because criminals have perfected the art of manipulation and deceit.", "그것은 범죄자들이 조작과 사기의 기술에 통달했기 때문이다."

